,Unnamed: 0,z,Z,face,mass,DiscToTotal,name1,filename,image,bthradius,bthintensity,S_index,star_count,haloradius,bulgeradius,halo_intensity,bulge_intensity
0,0,2.220446e-16,0.01593308,http://virgodb.cosma.dur.ac.uk/eagle-webstorage/RecalL0025N0752_Subhalo/galface_971267.png,10051157000.0,0.5923171453743077,galface_971267.png,RecalL0025N0752galface_971267.png,C:\Users\Melissa\Dropbox\Melissa Seabrook Masters' Project\formation_of_galactic_bulges\galaxyimagebinRecal/RecalL0025N0752galface_971267.png,0.1044879718534369,0.27893339118624444,0.9313550468430557,67,76.71418762207031,8.01570987701416,5583.93394061315,1557.5456302151954
1,1,2.220446e-16,0.02203542,http://virgodb.cosma.dur.ac.uk/eagle-webstorage/RecalL0025N0752_Subhalo/galface_1033394.png,10099614000.0,0.2627137698379327,galface_1033394.png,RecalL0025N0752galface_1033394.png,C:\Users\Melissa\Dropbox\Melissa Seabrook Masters' Project\formation_of_galactic_bulges\galaxyimagebinRecal/RecalL0025N0752galface_1033394.png,0.1447507338384587,0.5759318807313761,1.4264388496167715,65,72.96824645996094,10.562207221984863,2487.705866093637,1432.7491181657851
2,2,2.220446e-16,0.016808622,http://virgodb.cosma.dur.ac.uk/eagle-webstorage/RecalL0025N0752_Subhalo/galface_950105.png,10503151000.0,0.4940024053314816,galface_950105.png,RecalL0025N0752galface_950105.png,C:\Users\Melissa\Dropbox\Melissa Seabrook Masters' Project\formation_of_galactic_bulges\galaxyimagebinRecal/RecalL0025N0752galface_950105.png,0.14031031443468775,0.36048579916248974,1.1546662354006052,75,69.31768035888672,9.725985527038574,4439.714881721112,1600.4541671908337
3,3,2.220446e-16,0.0112411,http://virgodb.cosma.dur.ac.uk/eagle-webstorage/RecalL0025N0752_Subhalo/galface_789657.png,10769044000.0,0.4221701745379094,galface_789657.png,RecalL0025N0752galface_789657.png,C:\Users\Melissa\Dropbox\Melissa Seabrook Masters' Project\formation_of_galactic_bulges\galaxyimagebinRecal/RecalL0025N0752galface_789657.png,0.1576232946511351,0.5652068008615992,1.4375706793303076,71,82.48797607421875,13.002026557922363,3884.5108564009456,2195.5519540585296
4,4,2.220446e-16,0.016895300000000002,http://virgodb.cosma.dur.ac.uk/eagle-webstorage/RecalL0025N0752_Subhalo/galface_697075.png,10813851000.0,0.6317563449150654,galface_697075.png,RecalL0025N0752galface_697075.png,C:\Users\Melissa\Dropbox\Melissa Seabrook Masters' Project\formation_of_galactic_bulges\galaxyimagebinRecal/RecalL0025N0752galface_697075.png,0.1061013510531311,0.29890860607223124,1.114731010605532,104,78.99642181396484,8.381627082824707,4510.359135845776,1348.1851621808144
5,5,2.220446e-16,0.018719481,http://virgodb.cosma.dur.ac.uk/eagle-webstorage/RecalL0025N0752_Subhalo/galface_924755.png,10890967000.0,0.6046255121266044,galface_924755.png,RecalL0025N0752galface_924755.png,C:\Users\Melissa\Dropbox\Melissa Seabrook Masters' Project\formation_of_galactic_bulges\galaxyimagebinRecal/RecalL0025N0752galface_924755.png,0.13470343961649223,0.35576654511138195,1.2953315027150998,77,72.92717742919922,9.823541641235352,4493.963115900021,1598.8017316017315
6,6,2.220446e-16,0.01917366,http://virgodb.cosma.dur.ac.uk/eagle-webstorage/RecalL0025N0752_Subhalo/galface_955249.png,10925215000.0,0.6177685691555361,galface_955249.png,RecalL0025N0752galface_955249.png,C:\Users\Melissa\Dropbox\Melissa Seabrook Masters' Project\formation_of_galactic_bulges\galaxyimagebinRecal/RecalL0025N0752galface_955249.png,0.17241962328954202,0.4116803006211063,1.4058000780369442,54,65.92083740234375,11.366045951843262,4751.090999114563,1955.9305707937153
7,7,2.220446e-16,0.020258628,http://virgodb.cosma.dur.ac.uk/eagle-webstorage/RecalL0025N0752_Subhalo/galface_929556.png,11192997000.0,0.2392135981279253,galface_929556.png,RecalL0025N0752galface_929556.png,C:\Users\Melissa\Dropbox\Melissa Seabrook Masters' Project\formation_of_galactic_bulges\galaxyimagebinRecal/RecalL0025N0752galface_929556.png,0.1502963736132286,0.4772181513248103,1.4218558866355138,33,75.13331604003906,11.292264938354492,3360.3441701062357,1603.6172326732017
8,8,2.220446e-16,0.020322498,http://virgodb.cosma.dur.ac.uk/eagle-webstorage/RecalL0025N0752_Subhalo/galface_959840.png,11710979000.0,0.4641904239406261,galface_959840.png,RecalL0025N0752galface_959840.png,C:\Users\Melissa\Dropbox\Melissa Seabrook Masters' Project\formation_of_galactic_bulges\galaxyimagebinRecal/RecalL0025N0752galface_959840.png,0.26115897189611964,0.561288650958876,1.5520783806928062,14,49.485130310058594,12.92348575592041,3001.078386007865,1684.4712387041955
9,9,2.220446e-16,0.019762667,http://virgodb.cosma.dur.ac.uk/eagle-webstorage/RecalL0025N0752_Subhalo/galface_907304.png,11939100000.0,0.5951749246570408,galface_907304.png,RecalL0025N0752galface_907304.png,C:\Users\Melissa\Dropbox\Melissa Seabrook Masters' Project\formation_of_galactic_bulges\galaxyimagebinRecal/RecalL0025N0752galface_907304.png,0.11307907535532716,0.5182141367534098,1.4250154608486763,67,102.0833969116211,11.543496131896973,2951.361858386837,1529.4374376908738
10,10,2.220446e-16,0.015594018000000001,http://virgodb.cosma.dur.ac.uk/eagle-webstorage/RecalL0025N0752_Subhalo/galface_860575.png,11983219000.0,0.5150973999615663,galface_860575.png,RecalL0025N0752galface_860575.png,C:\Users\Melissa\Dropbox\Melissa Seabrook Masters' Project\formation_of_galactic_bulges\galaxyimagebinRecal/RecalL0025N0752galface_860575.png,0.12196939833125822,0.3373296255570788,1.1600456322902535,142,76.58372497558594,9.34087085723877,4593.847235826352,1549.6407679277247
11,11,2.220446e-16,0.015221547,http://virgodb.cosma.dur.ac.uk/eagle-webstorage/RecalL0025N0752_Subhalo/galface_659536.png,12033460000.0,0.8616194615681014,galface_659536.png,RecalL0025N0752galface_659536.png,C:\Users\Melissa\Dropbox\Melissa Seabrook Masters' Project\formation_of_galactic_bulges\galaxyimagebinRecal/RecalL0025N0752galface_659536.png,0.06258797538972229,0.1275931600284974,0.8644851149317577,91,80.70016479492188,5.0508599281311035,8185.742282695922,1044.4447250280584
12,12,2.220446e-16,0.021662762000000002,http://virgodb.cosma.dur.ac.uk/eagle-webstorage/RecalL0025N0752_Subhalo/galface_4938.png,12150559000.0,0.5639575649750871,galface_4938.png,RecalL0025N0752galface_4938.png,C:\Users\Melissa\Dropbox\Melissa Seabrook Masters' Project\formation_of_galactic_bulges\galaxyimagebinRecal/RecalL0025N0752galface_4938.png,0.20428545525142616,0.49550873082976055,1.3969910968628882,4,57.139251708984375,11.672718048095703,3467.785291009397,1718.3178883381781
13,13,2.220446e-16,0.019973444,http://virgodb.cosma.dur.ac.uk/eagle-webstorage/RecalL0025N0752_Subhalo/galface_892497.png,12255856000.0,0.4722111464689708,galface_892497.png,RecalL0025N0752galface_892497.png,C:\Users\Melissa\Dropbox\Melissa Seabrook Masters' Project\formation_of_galactic_bulges\galaxyimagebinRecal/RecalL0025N0752galface_892497.png,0.17419222540159074,0.5025138361872006,1.4216724189146528,18,58.5516357421875,10.199239730834961,2205.0889785981144,1108.0877217694542
14,14,2.220446e-16,0.01792941,http://virgodb.cosma.dur.ac.uk/eagle-webstorage/RecalL0025N0752_Subhalo/galface_51604.png,12386778000.0,0.6641374104858352,galface_51604.png,RecalL0025N0752galface_51604.png,C:\Users\Melissa\Dropbox\Melissa Seabrook Masters' Project\formation_of_galactic_bulges\galaxyimagebinRecal/RecalL0025N0752galface_51604.png,0.11315345287684593,0.31341690881150225,1.2219052224260432,111,71.25154113769531,8.062357902526855,4640.885362439845,1454.5319444444444
15,15,2.220446e-16,0.014031084,http://virgodb.cosma.dur.ac.uk/eagle-webstorage/RecalL0025N0752_Subhalo/galface_809082.png,12575322000.0,0.2773101712413796,galface_809082.png,RecalL0025N0752galface_809082.png,C:\Users\Melissa\Dropbox\Melissa Seabrook Masters' Project\formation_of_galactic_bulges\galaxyimagebinRecal/RecalL0025N0752galface_809082.png,0.1615903560118759,0.3960450992283858,1.1862799868035798,175,79.08267974853516,12.778998374938965,4902.596351681704,1941.6492585785027
16,16,2.220446e-16,0.021107732999999997,http://virgodb.cosma.dur.ac.uk/eagle-webstorage/RecalL0025N0752_Subhalo/galface_917940.png,12947725000.0,0.7171663920383866,galface_917940.png,RecalL0025N0752galface_917940.png,C:\Users\Melissa\Dropbox\Melissa Seabrook Masters' Project\formation_of_galactic_bulges\galaxyimagebinRecal/RecalL0025N0752galface_917940.png,0.15254259628499592,0.4443579296290343,1.3465741567218736,122,66.8543701171875,10.198139190673828,3871.0209372034055,1720.1188492063493
17,17,2.220446e-16,0.019577821999999998,http://virgodb.cosma.dur.ac.uk/eagle-webstorage/RecalL0025N0752_Subhalo/galface_886392.png,13111634000.0,0.3551474545038269,galface_886392.png,RecalL0025N0752galface_886392.png,C:\Users\Melissa\Dropbox\Melissa Seabrook Masters' Project\formation_of_galactic_bulges\galaxyimagebinRecal/RecalL0025N0752galface_886392.png,0.12439855654568611,0.41168077358765826,1.245246362444763,108,76.47395324707031,9.513249397277832,3815.3521268893264,1570.7071151071152
18,18,2.220446e-16,0.024486308999999998,http://virgodb.cosma.dur.ac.uk/eagle-webstorage/RecalL0025N0752_Subhalo/galface_833288.png,13250019000.0,0.6452039586172235,galface_833288.png,RecalL0025N0752galface_833288.png,C:\Users\Melissa\Dropbox\Melissa Seabrook Masters' Project\formation_of_galactic_bulges\galaxyimagebinRecal/RecalL0025N0752galface_833288.png,0.12580738675749129,0.5227198622949566,1.550122918581909,65,76.80192565917969,9.662249565124512,2577.673039475688,1347.4008962361538
19,19,2.220446e-16,0.018259035,http://virgodb.cosma.dur.ac.uk/eagle-webstorage/RecalL0025N0752_Subhalo/galface_709787.png,13551484000.0,0.6192868233847348,galface_709787.png,RecalL0025N0752galface_709787.png,C:\Users\Melissa\Dropbox\Melissa Seabrook Masters' Project\formation_of_galactic_bulges\galaxyimagebinRecal/RecalL0025N0752galface_709787.png,0.08353856640377162,0.25040726217468945,1.2213098611751514,129,94.63645935058594,7.905794143676758,5039.372651172087,1261.8955086580086
20,20,2.220446e-16,0.019084621,http://virgodb.cosma.dur.ac.uk/eagle-webstorage/RecalL0025N0752_Subhalo/galface_642129.png,13584497000.0,0.6947810531658751,galface_642129.png,RecalL0025N0752galface_642129.png,C:\Users\Melissa\Dropbox\Melissa Seabrook Masters' Project\formation_of_galactic_bulges\galaxyimagebinRecal/RecalL0025N0752galface_642129.png,0.11077508904936335,0.25119461928750014,1.063156761087545,79,70.65272521972656,7.82656192779541,4920.149856262889,1235.9151699814051
21,21,2.220446e-16,0.017430674,http://virgodb.cosma.dur.ac.uk/eagle-webstorage/RecalL0025N0752_Subhalo/galface_754151.png,13952908000.0,0.6946117094564586,galface_754151.png,RecalL0025N0752galface_754151.png,C:\Users\Melissa\Dropbox\Melissa Seabrook Masters' Project\formation_of_galactic_bulges\galaxyimagebinRecal/RecalL0025N0752galface_754151.png,0.1451778048904945,0.3514375361992069,1.2924817546823764,140,66.53438568115234,9.659316062927246,4611.052641419054,1620.4969795851578
22,22,2.220446e-16,0.016142643999999998,http://virgodb.cosma.dur.ac.uk/eagle-webstorage/RecalL0025N0752_Subhalo/galface_878368.png,14598747000.0,0.6183169055805271,galface_878368.png,RecalL0025N0752galface_878368.png,C:\Users\Melissa\Dropbox\Melissa Seabrook Masters' Project\formation_of_galactic_bulges\galaxyimagebinRecal/RecalL0025N0752galface_878368.png,0.09677842770685778,0.18460505264168847,1.0051309265331747,93,69.46636962890625,6.722846031188965,6337.661432434494,1169.9643223597684
23,23,2.220446e-16,0.019744815,http://virgodb.cosma.dur.ac.uk/eagle-webstorage/RecalL0025N0752_Subhalo/galface_646493.png,14780843000.0,0.777138899178698,galface_646493.png,RecalL0025N0752galface_646493.png,C:\Users\Melissa\Dropbox\Melissa Seabrook Masters' Project\formation_of_galactic_bulges\galaxyimagebinRecal/RecalL0025N0752galface_646493.png,0.18137431668833548,0.40268233808131015,1.3417791557767709,8,65.6297607421875,11.903553009033203,4427.054806707664,1782.696780379145
24,24,2.220446e-16,0.023209319,http://virgodb.cosma.dur.ac.uk/eagle-webstorage/RecalL0025N0752_Subhalo/galface_912390.png,14965153000.0,0.5670928687472263,galface_912390.png,RecalL0025N0752galface_912390.png,C:\Users\Melissa\Dropbox\Melissa Seabrook Masters' Project\formation_of_galactic_bulges\galaxyimagebinRecal/RecalL0025N0752galface_912390.png,0.10389965619637252,0.3369448722746674,1.1510739396816296,51,83.07475280761719,8.631438255310059,3655.2196419754264,1231.6075154012656
25,25,2.220446e-16,0.016656958,http://virgodb.cosma.dur.ac.uk/eagle-webstorage/RecalL0025N0752_Subhalo/galface_746518.png,15302997000.0,0.5012489502131887,galface_746518.png,RecalL0025N0752galface_746518.png,C:\Users\Melissa\Dropbox\Melissa Seabrook Masters' Project\formation_of_galactic_bulges\galaxyimagebinRecal/RecalL0025N0752galface_746518.png,0.2213050957888085,0.4678479995788757,1.374353803473648,72,64.22821044921875,14.214030265808105,5759.904706624178,2694.7598947590727
26,26,2.220446e-16,0.013023905,http://virgodb.cosma.dur.ac.uk/eagle-webstorage/RecalL0025N0752_Subhalo/galface_1797050.png,15780059000.0,0.2020269035998763,galface_1797050.png,RecalL0025N0752galface_1797050.png,C:\Users\Melissa\Dropbox\Melissa Seabrook Masters' Project\formation_of_galactic_bulges\galaxyimagebinRecal/RecalL0025N0752galface_1797050.png,0.24666141726038213,0.5384481287061454,1.515485834271836,6,53.86719512939453,13.286958694458008,4111.739860223193,2213.9586334636465
27,27,2.220446e-16,0.014319981,http://virgodb.cosma.dur.ac.uk/eagle-webstorage/RecalL0025N0752_Subhalo/galface_1266747.png,15807496000.0,0.12092430779792973,galface_1266747.png,RecalL0025N0752galface_1266747.png,C:\Users\Melissa\Dropbox\Melissa Seabrook Masters' Project\formation_of_galactic_bulges\galaxyimagebinRecal/RecalL0025N0752galface_1266747.png,0.16677287193503498,0.3270886403782138,1.1643715954908418,46,70.18407440185547,11.70479965209961,6473.759448542412,2117.4931761593525
28,28,2.220446e-16,0.017662922,http://virgodb.cosma.dur.ac.uk/eagle-webstorage/RecalL0025N0752_Subhalo/galface_763033.png,16193163000.0,0.6261017175155097,galface_763033.png,RecalL0025N0752galface_763033.png,C:\Users\Melissa\Dropbox\Melissa Seabrook Masters' Project\formation_of_galactic_bulges\galaxyimagebinRecal/RecalL0025N0752galface_763033.png,0.15574655742264115,0.35806440544313445,1.2136599032166646,121,63.97355651855469,9.963661193847656,4883.683879967206,1748.6733648526777
29,29,2.220446e-16,0.021061167000000002,http://virgodb.cosma.dur.ac.uk/eagle-webstorage/RecalL0025N0752_Subhalo/galface_1557597.png,16374937000.0,0.4716273793116385,galface_1557597.png,RecalL0025N0752galface_1557597.png,C:\Users\Melissa\Dropbox\Melissa Seabrook Masters' Project\formation_of_galactic_bulges\galaxyimagebinRecal/RecalL0025N0752galface_1557597.png,0.2554925002391539,0.6855924830855347,2.0381220619918294,9,47.33401870727539,12.093486785888672,2147.136509541214,1472.0606510999687
30,30,2.220446e-16,0.023790357999999998,http://virgodb.cosma.dur.ac.uk/eagle-webstorage/RecalL0025N0752_Subhalo/galface_866129.png,16757427000.0,0.6729904219746479,galface_866129.png,RecalL0025N0752galface_866129.png,C:\Users\Melissa\Dropbox\Melissa Seabrook Masters' Project\formation_of_galactic_bulges\galaxyimagebinRecal/RecalL0025N0752galface_866129.png,0.216979280181356,0.7505891474288788,1.903606066949456,0,51.24460983276367,11.1190185546875,2073.6266636277214,1556.441669538122
31,31,2.220446e-16,0.017281816999999998,http://virgodb.cosma.dur.ac.uk/eagle-webstorage/RecalL0025N0752_Subhalo/galface_817104.png,16822366000.0,0.6562007175741672,galface_817104.png,RecalL0025N0752galface_817104.png,C:\Users\Melissa\Dropbox\Melissa Seabrook Masters' Project\formation_of_galactic_bulges\galaxyimagebinRecal/RecalL0025N0752galface_817104.png,0.09528094070244293,0.2612014736436668,1.1263877935432713,190,91.2141342163086,8.69096851348877,5914.479379703615,1544.8707298136646
32,32,2.220446e-16,0.02074496,http://virgodb.cosma.dur.ac.uk/eagle-webstorage/RecalL0025N0752_Subhalo/galface_825807.png,17293883000.0,0.4050341747843291,galface_825807.png,RecalL0025N0752galface_825807.png,C:\Users\Melissa\Dropbox\Melissa Seabrook Masters' Project\formation_of_galactic_bulges\galaxyimagebinRecal/RecalL0025N0752galface_825807.png,0.09803605651391908,0.3692378290088986,1.2700256160404468,143,95.27995300292969,9.34087085723877,3880.7700161967805,1432.9270956633275
33,33,2.220446e-16,0.01636052,http://virgodb.cosma.dur.ac.uk/eagle-webstorage/RecalL0025N0752_Subhalo/galface_701288.png,17896090000.0,0.35232716265398045,galface_701288.png,RecalL0025N0752galface_701288.png,C:\Users\Melissa\Dropbox\Melissa Seabrook Masters' Project\formation_of_galactic_bulges\galaxyimagebinRecal/RecalL0025N0752galface_701288.png,0.1509434144743714,0.34094258012031703,1.2161680982330156,136,65.0809555053711,9.823541641235352,4702.317677010459,1603.2203213453215
34,34,2.220446e-16,0.025452628999999997,http://virgodb.cosma.dur.ac.uk/eagle-webstorage/RecalL0025N0752_Subhalo/galface_610028.png,18309910000.0,0.5395110917481846,galface_610028.png,RecalL0025N0752galface_610028.png,C:\Users\Melissa\Dropbox\Melissa Seabrook Masters' Project\formation_of_galactic_bulges\galaxyimagebinRecal/RecalL0025N0752galface_610028.png,0.23708716059731985,0.5933433995515213,2.021596992041857,1,48.636444091796875,11.531076431274414,2008.1045327228646,1191.4955701006036
35,35,2.220446e-16,0.021772452,http://virgodb.cosma.dur.ac.uk/eagle-webstorage/RecalL0025N0752_Subhalo/galface_616717.png,18388167000.0,0.7353631084481508,galface_616717.png,RecalL0025N0752galface_616717.png,C:\Users\Melissa\Dropbox\Melissa Seabrook Masters' Project\formation_of_galactic_bulges\galaxyimagebinRecal/RecalL0025N0752galface_616717.png,0.2396555415885461,0.47278079353011293,1.2627623105652794,8,53.7139892578125,12.872855186462402,4025.5267881855834,1903.191749295107
36,36,2.220446e-16,0.014225453999999998,http://virgodb.cosma.dur.ac.uk/eagle-webstorage/RecalL0025N0752_Subhalo/galface_1785362.png,18594980000.0,0.503355833543987,galface_1785362.png,RecalL0025N0752galface_1785362.png,C:\Users\Melissa\Dropbox\Melissa Seabrook Masters' Project\formation_of_galactic_bulges\galaxyimagebinRecal/RecalL0025N0752galface_1785362.png,0.2017036154912296,0.600865099023781,1.5961776125274696,14,57.870643615722656,11.672718048095703,2884.0699735002763,1732.936990218757
37,37,2.220446e-16,0.02275076,http://virgodb.cosma.dur.ac.uk/eagle-webstorage/RecalL0025N0752_Subhalo/galface_853401.png,19010083000.0,0.7718262651255898,galface_853401.png,RecalL0025N0752galface_853401.png,C:\Users\Melissa\Dropbox\Melissa Seabrook Masters' Project\formation_of_galactic_bulges\galaxyimagebinRecal/RecalL0025N0752galface_853401.png,0.178997648580739,0.45734152348771173,1.4217905898640166,93,61.465538024902344,11.00218677520752,3886.6464461465475,1777.5248069387626
38,38,2.220446e-16,0.018890733,http://virgodb.cosma.dur.ac.uk/eagle-webstorage/RecalL0025N0752_Subhalo/galface_793490.png,19232920000.0,0.7068434194133755,galface_793490.png,RecalL0025N0752galface_793490.png,C:\Users\Melissa\Dropbox\Melissa Seabrook Masters' Project\formation_of_galactic_bulges\galaxyimagebinRecal/RecalL0025N0752galface_793490.png,0.10847703276624494,0.26876752172057333,1.1394618129190506,145,81.67740631103516,8.860122680664062,5181.659173846676,1392.6616945554445
39,39,2.220446e-16,0.020319566,http://virgodb.cosma.dur.ac.uk/eagle-webstorage/RecalL0025N0752_Subhalo/galface_770934.png,19364436000.0,0.4351291452136629,galface_770934.png,RecalL0025N0752galface_770934.png,C:\Users\Melissa\Dropbox\Melissa Seabrook Masters' Project\formation_of_galactic_bulges\galaxyimagebinRecal/RecalL0025N0752galface_770934.png,0.14774582971838526,0.4235546830636872,1.4694693453355798,95,64.30029296875,9.500100135803223,3130.686725832121,1326.0170239315166
40,40,2.220446e-16,0.015318896,http://virgodb.cosma.dur.ac.uk/eagle-webstorage/RecalL0025N0752_Subhalo/galface_1681524.png,21308115000.0,0.6093402128146163,galface_1681524.png,RecalL0025N0752galface_1681524.png,C:\Users\Melissa\Dropbox\Melissa Seabrook Masters' Project\formation_of_galactic_bulges\galaxyimagebinRecal/RecalL0025N0752galface_1681524.png,0.16400097695574406,0.463183552820435,1.3516884665732856,44,78.47621154785156,12.8701753616333,4580.944749572418,2121.8182643810705
41,41,2.220446e-16,0.016020635,http://virgodb.cosma.dur.ac.uk/eagle-webstorage/RecalL0025N0752_Subhalo/galface_1696892.png,21490014000.0,0.24812939438526796,galface_1696892.png,RecalL0025N0752galface_1696892.png,C:\Users\Melissa\Dropbox\Melissa Seabrook Masters' Project\formation_of_galactic_bulges\galaxyimagebinRecal/RecalL0025N0752galface_1696892.png,0.15959029214526346,0.4359999507432346,1.4772580773296768,53,66.46207427978516,10.606701850891113,3887.5670869966484,1694.9790584415587
42,42,2.220446e-16,0.02041699,http://virgodb.cosma.dur.ac.uk/eagle-webstorage/RecalL0025N0752_Subhalo/galface_726306.png,22260697000.0,0.00669053095289629,galface_726306.png,RecalL0025N0752galface_726306.png,C:\Users\Melissa\Dropbox\Melissa Seabrook Masters' Project\formation_of_galactic_bulges\galaxyimagebinRecal/RecalL0025N0752galface_726306.png,0.2522327365792806,0.500628095415461,1.2664245097705649,22,61.06670379638672,15.403021812438965,4711.148811824423,2358.5334568824733
43,43,2.220446e-16,0.02537573,http://virgodb.cosma.dur.ac.uk/eagle-webstorage/RecalL0025N0752_Subhalo/galface_671241.png,22513230000.0,0.5830581869497806,galface_671241.png,RecalL0025N0752galface_671241.png,C:\Users\Melissa\Dropbox\Melissa Seabrook Masters' Project\formation_of_galactic_bulges\galaxyimagebinRecal/RecalL0025N0752galface_671241.png,0.25594225858072045,0.5920482219254068,2.107239169194938,8,47.605247497558594,12.184194564819336,2449.5683162786145,1450.2625661375664
44,44,2.220446e-16,0.020668296000000003,http://virgodb.cosma.dur.ac.uk/eagle-webstorage/RecalL0025N0752_Subhalo/galface_846421.png,22567797000.0,0.8045442681059936,galface_846421.png,RecalL0025N0752galface_846421.png,C:\Users\Melissa\Dropbox\Melissa Seabrook Masters' Project\formation_of_galactic_bulges\galaxyimagebinRecal/RecalL0025N0752galface_846421.png,0.08329646642059665,0.28231309762136836,0.9693215308152942,123,79.34586334228516,6.609230041503906,3521.7957879371033,994.2490780824113
45,45,2.220446e-16,0.027148138999999998,http://virgodb.cosma.dur.ac.uk/eagle-webstorage/RecalL0025N0752_Subhalo/galface_688091.png,22973825000.0,0.41103440909748346,galface_688091.png,RecalL0025N0752galface_688091.png,C:\Users\Melissa\Dropbox\Melissa Seabrook Masters' Project\formation_of_galactic_bulges\galaxyimagebinRecal/RecalL0025N0752galface_688091.png,0.2084813342691612,0.6097567050618669,2.3837793329341124,12,46.13262939453125,9.617792129516602,1175.3440290807262,716.6739024864027
46,46,2.220446e-16,0.018606555,http://virgodb.cosma.dur.ac.uk/eagle-webstorage/RecalL0025N0752_Subhalo/galface_1437151.png,24514628000.0,0.6623790311034895,galface_1437151.png,RecalL0025N0752galface_1437151.png,C:\Users\Melissa\Dropbox\Melissa Seabrook Masters' Project\formation_of_galactic_bulges\galaxyimagebinRecal/RecalL0025N0752galface_1437151.png,0.10724402482724746,0.4096144158204072,1.2221405407392865,148,75.17768859863281,8.062357902526855,2986.896648828764,1223.475925925926
47,47,2.220446e-16,0.01941169,http://virgodb.cosma.dur.ac.uk/eagle-webstorage/RecalL0025N0752_Subhalo/galface_737885.png,25758130000.0,0.6769265434174371,galface_737885.png,RecalL0025N0752galface_737885.png,C:\Users\Melissa\Dropbox\Melissa Seabrook Masters' Project\formation_of_galactic_bulges\galaxyimagebinRecal/RecalL0025N0752galface_737885.png,0.07139108848313257,0.19023026371810625,0.689214907076295,257,91.31815338134766,6.5193023681640625,6096.9875399939,1159.8315476190476
48,48,2.220446e-16,0.022226697000000004,http://virgodb.cosma.dur.ac.uk/eagle-webstorage/RecalL0025N0752_Subhalo/galface_1593757.png,28592847000.0,0.6062936213268477,galface_1593757.png,RecalL0025N0752galface_1593757.png,C:\Users\Melissa\Dropbox\Melissa Seabrook Masters' Project\formation_of_galactic_bulges\galaxyimagebinRecal/RecalL0025N0752galface_1593757.png,0.10819956533292062,0.4109265715993982,1.4230004293645286,107,70.69001770019531,7.648629188537598,2459.080819475487,1010.5016504329004
49,49,2.220446e-16,0.02108429,http://virgodb.cosma.dur.ac.uk/eagle-webstorage/RecalL0025N0752_Subhalo/galface_650554.png,29770949000.0,0.8146868950774627,galface_650554.png,RecalL0025N0752galface_650554.png,C:\Users\Melissa\Dropbox\Melissa Seabrook Masters' Project\formation_of_galactic_bulges\galaxyimagebinRecal/RecalL0025N0752galface_650554.png,0.08832308347785649,0.19858323953143636,1.1199806507127843,114,74.680419921875,6.596004962921143,4669.42916511129,927.2703703703702
50,50,2.220446e-16,0.03249043,http://virgodb.cosma.dur.ac.uk/eagle-webstorage/RecalL0025N0752_Subhalo/galface_780704.png,30751242000.0,0.6079901913184503,galface_780704.png,RecalL0025N0752galface_780704.png,C:\Users\Melissa\Dropbox\Melissa Seabrook Masters' Project\formation_of_galactic_bulges\galaxyimagebinRecal/RecalL0025N0752galface_780704.png,0.23095645974992607,0.5974817646829406,1.4098107261788337,42,43.836524963378906,10.12432861328125,1719.0667582860654,1027.1110403485404
51,51,2.220446e-16,0.020029511,http://virgodb.cosma.dur.ac.uk/eagle-webstorage/RecalL0025N0752_Subhalo/galface_1720071.png,32110428000.0,0.5452840148656595,galface_1720071.png,RecalL0025N0752galface_1720071.png,C:\Users\Melissa\Dropbox\Melissa Seabrook Masters' Project\formation_of_galactic_bulges\galaxyimagebinRecal/RecalL0025N0752galface_1720071.png,0.10300269760537725,0.3192257990905122,0.9103182526463975,114,75.35906982421875,7.762187480926514,3174.541986432409,1013.3957023652677
52,52,2.220446e-16,0.016542446000000002,http://virgodb.cosma.dur.ac.uk/eagle-webstorage/RecalL0025N0752_Subhalo/galface_1378064.png,32135940000.0,0.17619359449599592,galface_1378064.png,RecalL0025N0752galface_1378064.png,C:\Users\Melissa\Dropbox\Melissa Seabrook Masters' Project\formation_of_galactic_bulges\galaxyimagebinRecal/RecalL0025N0752galface_1378064.png,0.09533518200887149,0.3869493677020512,1.3363590749506449,80,122.34898376464844,11.664162635803223,5010.575741596638,1938.8391150340553
53,53,2.220446e-16,0.020145168999999997,http://virgodb.cosma.dur.ac.uk/eagle-webstorage/RecalL0025N0752_Subhalo/galface_621500.png,32420280000.0,0.6584161649889544,galface_621500.png,RecalL0025N0752galface_621500.png,C:\Users\Melissa\Dropbox\Melissa Seabrook Masters' Project\formation_of_galactic_bulges\galaxyimagebinRecal/RecalL0025N0752galface_621500.png,0.2584807465805196,0.5482384439318423,1.788220542606193,1,51.44181442260742,13.29671859741211,3427.45235739298,1879.061147067652
54,54,2.220446e-16,0.022054337,http://virgodb.cosma.dur.ac.uk/eagle-webstorage/RecalL0025N0752_Subhalo/galface_1298434.png,32549050000.0,0.03300913279580686,galface_1298434.png,RecalL0025N0752galface_1298434.png,C:\Users\Melissa\Dropbox\Melissa Seabrook Masters' Project\formation_of_galactic_bulges\galaxyimagebinRecal/RecalL0025N0752galface_1298434.png,0.20012339765185858,0.6179043924576303,1.6569052903276598,3,50.5286979675293,10.111974716186523,1934.20803184369,1195.155638803044
55,55,2.220446e-16,0.018555013000000002,http://virgodb.cosma.dur.ac.uk/eagle-webstorage/RecalL0025N0752_Subhalo/galface_1757806.png,32898066000.0,0.8272344249102561,galface_1757806.png,RecalL0025N0752galface_1757806.png,C:\Users\Melissa\Dropbox\Melissa Seabrook Masters' Project\formation_of_galactic_bulges\galaxyimagebinRecal/RecalL0025N0752galface_1757806.png,0.13339230004319536,0.30863131952167755,0.7031164284434717,250,62.88747024536133,8.388704299926758,4714.772977463775,1455.1266052797932
56,56,2.220446e-16,0.026789697,http://virgodb.cosma.dur.ac.uk/eagle-webstorage/RecalL0025N0752_Subhalo/galface_1772612.png,35210860000.0,0.3855510745090289,galface_1772612.png,RecalL0025N0752galface_1772612.png,C:\Users\Melissa\Dropbox\Melissa Seabrook Masters' Project\formation_of_galactic_bulges\galaxyimagebinRecal/RecalL0025N0752galface_1772612.png,0.08348325655448896,0.23622589266620625,0.8444114003336568,201,83.20616912841797,6.946321964263916,3776.804762633495,892.1790764790766
57,57,2.220446e-16,0.018968488999999998,http://virgodb.cosma.dur.ac.uk/eagle-webstorage/RecalL0025N0752_Subhalo/galface_1608845.png,38594700000.0,0.7838699672271726,galface_1608845.png,RecalL0025N0752galface_1608845.png,C:\Users\Melissa\Dropbox\Melissa Seabrook Masters' Project\formation_of_galactic_bulges\galaxyimagebinRecal/RecalL0025N0752galface_1608845.png,0.0,0.0,0.8693899457751098,35,64.73416900634766,0.0,8198.49211884306,0.0
58,58,2.220446e-16,0.018314808999999998,http://virgodb.cosma.dur.ac.uk/eagle-webstorage/RecalL0025N0752_Subhalo/galface_1488352.png,41894924000.0,0.0654306313834192,galface_1488352.png,RecalL0025N0752galface_1488352.png,C:\Users\Melissa\Dropbox\Melissa Seabrook Masters' Project\formation_of_galactic_bulges\galaxyimagebinRecal/RecalL0025N0752galface_1488352.png,0.17098401344191874,0.5640113650006089,1.5440113344254853,79,64.73162078857422,11.068072319030762,2413.266366679529,1361.109657580981
59,59,2.220446e-16,0.022895822000000003,http://virgodb.cosma.dur.ac.uk/eagle-webstorage/RecalL0025N0752_Subhalo/galface_1540783.png,43012500000.0,0.6453901691918543,galface_1540783.png,RecalL0025N0752galface_1540783.png,C:\Users\Melissa\Dropbox\Melissa Seabrook Masters' Project\formation_of_galactic_bulges\galaxyimagebinRecal/RecalL0025N0752galface_1540783.png,0.14173742295157743,0.29423671066567547,1.2709895767115735,122,69.85173034667969,9.900604248046875,5113.21824471063,1504.4965172393745
60,60,2.220446e-16,0.027545077999999997,http://virgodb.cosma.dur.ac.uk/eagle-webstorage/RecalL0025N0752_Subhalo/galface_1454018.png,46508433000.0,0.050063658875086785,galface_1454018.png,RecalL0025N0752galface_1454018.png,C:\Users\Melissa\Dropbox\Melissa Seabrook Masters' Project\formation_of_galactic_bulges\galaxyimagebinRecal/RecalL0025N0752galface_1454018.png,0.21463768617590342,0.6074888233854823,1.4032834252631905,31,49.1525993347168,10.550000190734863,1796.646287567475,1091.44253927426
61,61,2.220446e-16,0.025770646,http://virgodb.cosma.dur.ac.uk/eagle-webstorage/RecalL0025N0752_Subhalo/galface_1567250.png,48491475000.0,0.43775277055561457,galface_1567250.png,RecalL0025N0752galface_1567250.png,C:\Users\Melissa\Dropbox\Melissa Seabrook Masters' Project\formation_of_galactic_bulges\galaxyimagebinRecal/RecalL0025N0752galface_1567250.png,0.1519137097901911,0.6989873162823628,1.6425207543010156,62,65.58018493652344,9.962529182434082,1805.314223626809,1261.8917442192806
62,62,2.220446e-16,0.019645665,http://virgodb.cosma.dur.ac.uk/eagle-webstorage/RecalL0025N0752_Subhalo/galface_1642717.png,48690225000.0,0.08134096248831424,galface_1642717.png,RecalL0025N0752galface_1642717.png,C:\Users\Melissa\Dropbox\Melissa Seabrook Masters' Project\formation_of_galactic_bulges\galaxyimagebinRecal/RecalL0025N0752galface_1642717.png,0.16541973126996343,0.40769884448520693,1.3813028515980523,159,67.1828384399414,11.113367080688477,4357.734300597841,1776.6432389272911
63,63,2.220446e-16,0.018851776,http://virgodb.cosma.dur.ac.uk/eagle-webstorage/RecalL0025N0752_Subhalo/galface_1343568.png,50541593000.0,0.02745099260820916,galface_1343568.png,RecalL0025N0752galface_1343568.png,C:\Users\Melissa\Dropbox\Melissa Seabrook Masters' Project\formation_of_galactic_bulges\galaxyimagebinRecal/RecalL0025N0752galface_1343568.png,0.18298455056538715,0.6484167230996865,1.5935421491276258,24,74.63253021240234,13.656599998474121,2499.7960660522112,1620.9095735670621
64,64,2.220446e-16,0.031299606,http://virgodb.cosma.dur.ac.uk/eagle-webstorage/RecalL0025N0752_Subhalo/galface_1318041.png,51784892000.0,-0.04777563801065776,galface_1318041.png,RecalL0025N0752galface_1318041.png,C:\Users\Melissa\Dropbox\Melissa Seabrook Masters' Project\formation_of_galactic_bulges\galaxyimagebinRecal/RecalL0025N0752galface_1318041.png,0.19847651661950685,0.5633156952768932,2.0125788953338364,35,53.38117980957031,10.594910621643066,1956.3281092829257,1102.0303290704412
65,65,2.220446e-16,0.02565914,http://virgodb.cosma.dur.ac.uk/eagle-webstorage/RecalL0025N0752_Subhalo/galface_1515368.png,53140783000.0,0.5325620663140793,galface_1515368.png,RecalL0025N0752galface_1515368.png,C:\Users\Melissa\Dropbox\Melissa Seabrook Masters' Project\formation_of_galactic_bulges\galaxyimagebinRecal/RecalL0025N0752galface_1515368.png,0.21401391387012808,0.5577587744898825,1.9293283819099165,16,51.02595901489258,10.920265197753906,2307.4110842427162,1286.9787785915885
66,66,2.220446e-16,0.025364287000000003,http://virgodb.cosma.dur.ac.uk/eagle-webstorage/RecalL0025N0752_Subhalo/galface_1623194.png,54781610000.0,0.503736749792433,galface_1623194.png,RecalL0025N0752galface_1623194.png,C:\Users\Melissa\Dropbox\Melissa Seabrook Masters' Project\formation_of_galactic_bulges\galaxyimagebinRecal/RecalL0025N0752galface_1623194.png,0.20881430730037778,0.4650668586884908,1.6156724323316696,28,55.97736740112305,11.688875198364258,3253.2075356355826,1512.9590092597668
67,67,2.220446e-16,0.022943176000000003,http://virgodb.cosma.dur.ac.uk/eagle-webstorage/RecalL0025N0752_Subhalo/galface_1230232.png,57717748000.0,0.4059094960483899,galface_1230232.png,RecalL0025N0752galface_1230232.png,C:\Users\Melissa\Dropbox\Melissa Seabrook Masters' Project\formation_of_galactic_bulges\galaxyimagebinRecal/RecalL0025N0752galface_1230232.png,0.22890466360281528,0.5256673466963258,1.9774079844772274,3,54.701560974121094,12.521442413330078,2748.9192590940597,1445.017093210404
68,68,2.220446e-16,0.014447963999999999,http://virgodb.cosma.dur.ac.uk/eagle-webstorage/RecalL0025N0752_Subhalo/galface_1809568.png,58857513000.0,0.025393464586648817,galface_1809568.png,RecalL0025N0752galface_1809568.png,C:\Users\Melissa\Dropbox\Melissa Seabrook Masters' Project\formation_of_galactic_bulges\galaxyimagebinRecal/RecalL0025N0752galface_1809568.png,0.18067615072730098,0.3855213399253763,1.2843902363950033,109,69.68146514892578,12.589778900146484,5030.328636733962,1939.2990362986686
69,69,2.220446e-16,0.022403775,http://virgodb.cosma.dur.ac.uk/eagle-webstorage/RecalL0025N0752_Subhalo/galface_1397598.png,70200330000.0,0.35941736140742664,galface_1397598.png,RecalL0025N0752galface_1397598.png,C:\Users\Melissa\Dropbox\Melissa Seabrook Masters' Project\formation_of_galactic_bulges\galaxyimagebinRecal/RecalL0025N0752galface_1397598.png,0.21648531449033637,0.46054940780959036,1.3166640050181273,9,61.020050048828125,13.209944725036621,4932.857439919408,2271.824572764015
70,70,2.220446e-16,0.02410817,http://virgodb.cosma.dur.ac.uk/eagle-webstorage/RecalL0025N0752_Subhalo/galface_1185365.png,71205994000.0,0.329677330678525,galface_1185365.png,RecalL0025N0752galface_1185365.png,C:\Users\Melissa\Dropbox\Melissa Seabrook Masters' Project\formation_of_galactic_bulges\galaxyimagebinRecal/RecalL0025N0752galface_1185365.png,0.24619636548919918,0.5956661139517677,1.7719941211472099,8,50.894596099853516,12.530064582824707,2774.0551515951975,1652.4106520385933
