,Unnamed: 0,z,Z,face,mass,DiscToTotal,HalfMassRadius,VelDisp,BHmass,SFR,name1,filename,image,btdradius,btdintensity,n_total,n_disca,n_bulgea,n_disc,n_bulge,n_bulge_exp,n_total_error,n_disca_error,n_bulgea_error,n_disc_error,n_bulge_error,n_bulge_exp_error,star_count,discradius,bulgeradius,disc_intensity,bulge_intensity,btotalintensity,btotalradius,con,r80,r20,asymm
0,0,2.220446e-16,0.01593308,http://virgodb.cosma.dur.ac.uk/eagle-webstorage/RecalL0025N0752_Subhalo/galface_971267.png,10051157000.0,0.5923171453743077,6.3165154,70.62631,2449352.8,0.77674705,galface_971267.png,RecalL0025N0752galface_971267.png,C:\Users\Melissa\Dropbox\Melissa Seabrook Masters' Project\formation_of_galactic_bulges\galaxyimagebinRecalL0025N0752/RecalL0025N0752galface_971267.png,0.16699261988573105,0.3712658907495158,1.172752584843246,0.8563811224961733,3.3593994258281294,0.9066103051114923,2.6124071274152882,2.6124071274152882,0.0001031660470714874,0.7137177282007846,108.89962374844183,0.000704977983211938,0.0051333603340741,0.004184018860937021,67,76.52433013916016,12.778998374938965,5552.631533886774,2061.502692432324,0.3169590871043166,0.04991796240210533,1.6959384882834798,106.41208791208791,48.73076923076923,0.1888804490922904
1,1,2.220446e-16,0.02203542,http://virgodb.cosma.dur.ac.uk/eagle-webstorage/RecalL0025N0752_Subhalo/galface_1033394.png,10099614000.0,0.2627137698379327,1.8267650000000002,74.22707,4040950.2,0.5385541,galface_1033394.png,RecalL0025N0752galface_1033394.png,C:\Users\Melissa\Dropbox\Melissa Seabrook Masters' Project\formation_of_galactic_bulges\galaxyimagebinRecalL0025N0752/RecalL0025N0752galface_1033394.png,0.216352994725048,0.6917467686894552,1.790578926793116,1.362861878523603,1.7487804575026031,1.4645747461769734,5.412275519882133,5.412275519882133,0.0007687628009122339,5.9817968957370935,3.2561927130225055,0.005782951551070927,0.7084751941016466,0.010839417269090825,65,72.62092590332031,15.71175479888916,2578.8193551969584,1783.8899559913204,0.5168130021388023,0.06137404218316078,1.8679033140629646,103.42857142857143,43.75824175824176,0.2722876253044613
2,2,2.220446e-16,0.016808622,http://virgodb.cosma.dur.ac.uk/eagle-webstorage/RecalL0025N0752_Subhalo/galface_950105.png,10503151000.0,0.4940024053314816,3.1080685000000003,73.2605,1855553.0,1.1127219,galface_950105.png,RecalL0025N0752galface_950105.png,C:\Users\Melissa\Dropbox\Melissa Seabrook Masters' Project\formation_of_galactic_bulges\galaxyimagebinRecalL0025N0752/RecalL0025N0752galface_950105.png,0.2249188993869574,0.5000656431126103,1.63923501408047,1.288103225345874,2.057917950377198,1.4870952780917401,0.7762151120395009,0.7762151120395009,0.00027091429700926194,6.834232728548355,25.28230755292678,0.004849073591735406,0.006378030395986375,0.0056852565543793025,75,68.7369384765625,15.460236549377441,4426.242799534874,2213.4119521219673,0.4394480357085506,0.06039154902100563,1.9498553950038113,107.4065934065934,43.75824175824176,0.2020759095419111
3,3,2.220446e-16,0.0112411,http://virgodb.cosma.dur.ac.uk/eagle-webstorage/RecalL0025N0752_Subhalo/galface_789657.png,10769044000.0,0.4221701745379094,10.126999,74.02821,682009.0,2.4336564999999997,galface_789657.png,RecalL0025N0752galface_789657.png,C:\Users\Melissa\Dropbox\Melissa Seabrook Masters' Project\formation_of_galactic_bulges\galaxyimagebinRecalL0025N0752/RecalL0025N0752galface_789657.png,0.22690838142900044,0.6934013264309388,1.4664928435886708,1.1861714907910166,0.8278896985897892,1.123902440467023,0.833564919727752,0.833564919727752,0.00045727565713802215,10.135570899924678,0.538828969654151,0.001787814712894407,0.002557084679576129,0.002350322821425853,71,82.00619506835938,18.607892990112305,3884.5666923388285,2693.563697077188,0.43998497684370713,0.07268708199262619,1.5579008899864466,124.31318681318682,60.66483516483517,0.3586117093414032
4,4,2.220446e-16,0.016895300000000002,http://virgodb.cosma.dur.ac.uk/eagle-webstorage/RecalL0025N0752_Subhalo/galface_697075.png,10813851000.0,0.6317563449150654,4.484118,72.945076,2175677.8,1.0821466,galface_697075.png,RecalL0025N0752galface_697075.png,C:\Users\Melissa\Dropbox\Melissa Seabrook Masters' Project\formation_of_galactic_bulges\galaxyimagebinRecalL0025N0752/RecalL0025N0752galface_697075.png,0.17917318357381962,0.4011647112150844,1.297232471781735,1.009743189150143,2.7171272706009733,1.1051384203840808,2.2302673316401544,2.2302673316401544,0.0003037868492552108,1.178745456629206,88.03875283848116,0.000938357619453614,0.009961529862323333,0.006890582037317413,104,76.6277084350586,13.729630470275879,4482.916490971512,1798.387899501926,0.3591443028177472,0.05363136902451515,1.7361520895605498,108.4010989010989,48.73076923076923,0.22937922381597528
5,5,2.220446e-16,0.018719481,http://virgodb.cosma.dur.ac.uk/eagle-webstorage/RecalL0025N0752_Subhalo/galface_924755.png,10890967000.0,0.6046255121266044,4.088323,72.19497,732329.4,0.7303419,galface_924755.png,RecalL0025N0752galface_924755.png,C:\Users\Melissa\Dropbox\Melissa Seabrook Masters' Project\formation_of_galactic_bulges\galaxyimagebinRecalL0025N0752/RecalL0025N0752galface_924755.png,0.20799209938476587,0.4947832007940034,1.2507418507354888,1.0577674407257907,1.0435945120105163,1.0050515295952989,1.0451478516162993,1.0451478516162993,0.00017530942002148088,3.084697323876829,0.4785332935773505,0.00042003494450543167,0.0025441239555942133,0.0024831663301135565,77,72.67736053466797,15.116316795349121,4517.462851996501,2235.164729378836,0.37465523074399965,0.059048112481832504,1.5228763821431544,122.32417582417582,60.66483516483517,0.23189722743913563
6,6,2.220446e-16,0.01917366,http://virgodb.cosma.dur.ac.uk/eagle-webstorage/RecalL0025N0752_Subhalo/galface_955249.png,10925215000.0,0.6177685691555361,4.9083223,69.59666999999999,686290.75,0.45169637,galface_955249.png,RecalL0025N0752galface_955249.png,C:\Users\Melissa\Dropbox\Melissa Seabrook Masters' Project\formation_of_galactic_bulges\galaxyimagebinRecalL0025N0752/RecalL0025N0752galface_955249.png,0.25371024016289795,0.5291013309497884,1.2574398490748642,1.013179341598318,0.6987368495852709,0.9644118613855113,0.8696551972179699,0.8696551972179699,0.0001409656017606965,4.043011642448735,0.1632781255688987,0.00030165330854868495,0.0012278770531562386,0.0011074359661523425,54,65.64453125,16.65468978881836,4735.95593875497,2505.8005905148093,0.39658927317798426,0.06505738198757172,1.4709528556683789,125.3076923076923,63.64835164835165,0.232472879218468
7,7,2.220446e-16,0.020258628,http://virgodb.cosma.dur.ac.uk/eagle-webstorage/RecalL0025N0752_Subhalo/galface_929556.png,11192997000.0,0.2392135981279253,3.025543,79.06789,7246551.0,0.37377185,galface_929556.png,RecalL0025N0752galface_929556.png,C:\Users\Melissa\Dropbox\Melissa Seabrook Masters' Project\formation_of_galactic_bulges\galaxyimagebinRecalL0025N0752/RecalL0025N0752galface_929556.png,0.24076875636796366,0.6011822795425884,1.734724152665181,1.7596652752497917,3.8790511387025357,1.5696936161957975,3.9444855084921304,3.9444855084921304,0.00033696388280905266,11.54602437555743,1463.5461932905548,0.004045601773285005,0.38099102935746054,186406063800621.97,33,69.54913330078125,16.745258331298828,3272.8062521348943,1967.553123159691,0.5214268683734428,0.06541116535663605,2.0002668399271837,102.43406593406594,40.77472527472528,0.26498686567975904
8,8,2.220446e-16,0.020322498,http://virgodb.cosma.dur.ac.uk/eagle-webstorage/RecalL0025N0752_Subhalo/galface_959840.png,11710979000.0,0.4641904239406261,3.3265915,76.03416,2530905.2,0.8099814999999999,galface_959840.png,RecalL0025N0752galface_959840.png,C:\Users\Melissa\Dropbox\Melissa Seabrook Masters' Project\formation_of_galactic_bulges\galaxyimagebinRecalL0025N0752/RecalL0025N0752galface_959840.png,0.38028430732418406,0.7081526590401424,2.5722751614695083,1.9999999999999998,0.7094754616644962,4.1032246646712,0.005100537155877147,0.005100537155877147,0.0012353035983570584,290.17374058533335,3.617608054860183,0.18189353614722312,0.0,0.0,14,49.485130310058594,18.818418502807617,3001.078386007865,2125.2216390393683,0.6199535508772741,0.07350944727659225,2.2070285122656395,104.42307692307692,37.79120879120879,0.21800738934408292
9,9,2.220446e-16,0.019762667,http://virgodb.cosma.dur.ac.uk/eagle-webstorage/RecalL0025N0752_Subhalo/galface_907304.png,11939100000.0,0.5951749246570408,3.5904214,73.90108000000001,1527795.9,1.0577374,galface_907304.png,RecalL0025N0752galface_907304.png,C:\Users\Melissa\Dropbox\Melissa Seabrook Masters' Project\formation_of_galactic_bulges\galaxyimagebinRecalL0025N0752/RecalL0025N0752galface_907304.png,0.16532969218793,0.6619703301351428,1.8017346724627514,1.661524301866433,2.134267800705527,1.7563352258518328,0.6946688229053811,0.6946688229053811,0.0006213045831806157,3.2861392240733402,904.6662323614394,0.00295246649223862,0.11640612784218854,17759863589521.227,67,101.66252899169922,16.80783462524414,2946.6509599357573,1950.5955087417087,0.4695110191038379,0.06565560400485992,1.8783180698044268,113.37362637362638,47.73626373626374,0.27989247693163843
10,10,2.220446e-16,0.015594018000000001,http://virgodb.cosma.dur.ac.uk/eagle-webstorage/RecalL0025N0752_Subhalo/galface_860575.png,11983219000.0,0.5150973999615663,5.704394000000001,72.17394,2418121.0,1.0556958,galface_860575.png,RecalL0025N0752galface_860575.png,C:\Users\Melissa\Dropbox\Melissa Seabrook Masters' Project\formation_of_galactic_bulges\galaxyimagebinRecalL0025N0752/RecalL0025N0752galface_860575.png,0.19074615839612258,0.43671520891668186,1.0754736327945134,0.8429987851806792,1.37656397831407,0.7983834417263492,1.4427441965159986,1.4427441965159986,0.0001460555000216766,2.347496007962937,1.6936518671910086,0.00035384336885526524,0.005014309767425449,0.007418981030590376,142,76.42345428466797,14.57748031616211,4611.306802934838,2013.827813822604,0.3225408251021122,0.05694328248500824,1.3868303873309384,124.31318681318682,65.63736263736264,0.2292127948822586
11,11,2.220446e-16,0.015221547,http://virgodb.cosma.dur.ac.uk/eagle-webstorage/RecalL0025N0752_Subhalo/galface_659536.png,12033460000.0,0.8616194615681014,7.983963,70.18122,1130577.0,1.2183388000000002,galface_659536.png,RecalL0025N0752galface_659536.png,C:\Users\Melissa\Dropbox\Melissa Seabrook Masters' Project\formation_of_galactic_bulges\galaxyimagebinRecalL0025N0752/RecalL0025N0752galface_659536.png,0.13787291290713127,0.2627947360071593,1.1797166404795845,1.134281928155589,0.26677736712515776,1.2256010535020037,0.00027345601871319597,0.00027345601871319597,0.00010415539523506463,1.1977416626617972,7262931.136371176,0.0011529391993585138,0.0,0.0,91,80.52272033691406,11.10190200805664,8188.330718392213,2151.8502094791947,0.22565189346902587,0.04336680471897125,1.7195499607268632,116.35714285714286,52.70879120879121,0.19949538883398493
12,12,2.220446e-16,0.021662762000000002,http://virgodb.cosma.dur.ac.uk/eagle-webstorage/RecalL0025N0752_Subhalo/galface_4938.png,12150559000.0,0.5639575649750871,2.884089,74.05731999999999,1809530.5,0.10852761,galface_4938.png,RecalL0025N0752galface_4938.png,C:\Users\Melissa\Dropbox\Melissa Seabrook Masters' Project\formation_of_galactic_bulges\galaxyimagebinRecalL0025N0752/RecalL0025N0752galface_4938.png,0.2939921145025918,0.6148678427489657,2.101307804463003,1.9999999986616743,1.5959714423144675,2.4317005494814254,0.008656726252369795,0.008656726252369795,0.0008196978797025481,16.78847544634254,7955.343844995727,0.007011555705156364,2010325204196769.2,0.0,4,57.14573669433594,16.800395965576172,3469.5775856013775,2133.3316853088836,0.5402312867549228,0.06562654674053192,2.066283833780717,100.44505494505495,38.785714285714285,0.1740066777530847
13,13,2.220446e-16,0.019973444,http://virgodb.cosma.dur.ac.uk/eagle-webstorage/RecalL0025N0752_Subhalo/galface_892497.png,12255856000.0,0.4722111464689708,3.0687043999999997,79.76379399999999,10774260.0,0.26638192,galface_892497.png,RecalL0025N0752galface_892497.png,C:\Users\Melissa\Dropbox\Melissa Seabrook Masters' Project\formation_of_galactic_bulges\galaxyimagebinRecalL0025N0752/RecalL0025N0752galface_892497.png,0.2696965477479791,0.5946693599015918,2.079175095746554,1.9999999999999951,0.010000000000000002,2.8372026432356923,0.0005931608714347669,0.0005931608714347669,0.0008179442097489993,17.855955767974095,2.8123186665907988e+16,0.02616978687120968,0.0,0.0,18,58.47663116455078,15.77094554901123,2239.2682199417177,1331.6241990007181,0.5362712742314804,0.06160525605082512,2.1440828757255375,101.43956043956044,37.79120879120879,0.20653968367716422
14,14,2.220446e-16,0.01792941,http://virgodb.cosma.dur.ac.uk/eagle-webstorage/RecalL0025N0752_Subhalo/galface_51604.png,12386778000.0,0.6641374104858352,4.828517,70.82770500000001,1432421.5,1.7298837,galface_51604.png,RecalL0025N0752galface_51604.png,C:\Users\Melissa\Dropbox\Melissa Seabrook Masters' Project\formation_of_galactic_bulges\galaxyimagebinRecalL0025N0752/RecalL0025N0752galface_51604.png,0.1838807543436581,0.43078551161166995,1.4155782755885802,1.1968349333213064,2.712296230566487,1.2861847032814524,1.4172497182028532,1.4172497182028532,0.00025724475905294144,4.028399919839124,118.64273096486504,0.0015151783558788987,0.012602712422973499,0.00699983698316635,111,70.76407623291016,13.012151718139648,4618.906123043543,1989.7578373015874,0.33921477162271957,0.050828717648983,1.779393318356631,117.35164835164835,51.714285714285715,0.29838263626359995
15,15,2.220446e-16,0.014031084,http://virgodb.cosma.dur.ac.uk/eagle-webstorage/RecalL0025N0752_Subhalo/galface_809082.png,12575322000.0,0.2773101712413796,10.414703999999999,82.14294,1490043.4,3.3582354,galface_809082.png,RecalL0025N0752galface_809082.png,C:\Users\Melissa\Dropbox\Melissa Seabrook Masters' Project\formation_of_galactic_bulges\galaxyimagebinRecalL0025N0752/RecalL0025N0752galface_809082.png,0.2365151135996634,0.530537842526085,1.1076338866620579,0.6914292434562626,0.9271616655842652,0.6434685912401551,0.9094899552565993,0.9094899552565993,0.0003811614938410489,7.1330512235669845,0.8913775889615544,0.001428215052763961,0.0017774928534647007,0.008755604271538046,175,78.47621154785156,18.560810089111328,4861.7677487152405,2579.351772266285,0.3527532237756696,0.07250316441059113,1.3886445912756522,126.30978260869566,66.63586956521739,0.27471376992413293
16,16,2.220446e-16,0.021107732999999997,http://virgodb.cosma.dur.ac.uk/eagle-webstorage/RecalL0025N0752_Subhalo/galface_917940.png,12947725000.0,0.7171663920383866,3.4028160000000005,77.42498,1775243.8,0.9086927,galface_917940.png,RecalL0025N0752galface_917940.png,C:\Users\Melissa\Dropbox\Melissa Seabrook Masters' Project\formation_of_galactic_bulges\galaxyimagebinRecalL0025N0752/RecalL0025N0752galface_917940.png,0.23067512204959154,0.5699691633438306,0.9840145689085773,0.8074059444967882,1.1245394937960256,0.7675029603060064,1.1477905772111066,1.1477905772111066,0.0001440684407232967,5.492216998536446,0.6206937928875251,0.00024101590717427767,0.0028098601582182397,0.006461010035700317,122,66.35813903808594,15.307171821594238,3871.442065991733,2206.6025952874193,0.35857537995994565,0.05979363992810249,1.3274583514249607,128.2912087912088,69.61538461538461,0.2571635160665102
17,17,2.220446e-16,0.019577821999999998,http://virgodb.cosma.dur.ac.uk/eagle-webstorage/RecalL0025N0752_Subhalo/galface_886392.png,13111634000.0,0.3551474545038269,3.7677307,78.44726,4336659.5,0.7902942,galface_886392.png,RecalL0025N0752galface_886392.png,C:\Users\Melissa\Dropbox\Melissa Seabrook Masters' Project\formation_of_galactic_bulges\galaxyimagebinRecalL0025N0752/RecalL0025N0752galface_886392.png,0.20032669548221108,0.49393984347672565,0.9852052335280623,0.7678407733473096,1.207068837549476,0.7213471433919106,1.229074864369164,1.229074864369164,0.00017112861558409525,1.8920522190534224,0.5358584700021788,0.00031302513893950544,0.0030532681709203686,0.0031308621299672244,108,70.9786376953125,14.218915939331055,4107.303986061268,2028.7610879864342,0.367196225276746,0.05554264038801193,1.35417605153615,124.31318681318682,66.63186813186813,0.19877590741625079
18,18,2.220446e-16,0.024486308999999998,http://virgodb.cosma.dur.ac.uk/eagle-webstorage/RecalL0025N0752_Subhalo/galface_833288.png,13250019000.0,0.6452039586172235,1.8943385,81.010475,6106908.5,0.59367645,galface_833288.png,RecalL0025N0752galface_833288.png,C:\Users\Melissa\Dropbox\Melissa Seabrook Masters' Project\formation_of_galactic_bulges\galaxyimagebinRecalL0025N0752/RecalL0025N0752galface_833288.png,0.19944322867725256,0.5962404615729158,1.015872749219626,0.894410247143104,1.3497988825520708,0.8137501370669038,1.337335062931831,1.337335062931831,0.00034098248107530994,2.3023822682642203,0.9208519845507286,0.00046080222322285303,0.008775552934403047,0.009975530997609658,65,75.7925796508789,15.116316795349121,2868.329595716128,1710.2141620930392,0.48134754505287636,0.059048112481832504,1.469257055184289,119.34065934065934,60.66483516483517,0.2483988484402442
19,19,2.220446e-16,0.018259035,http://virgodb.cosma.dur.ac.uk/eagle-webstorage/RecalL0025N0752_Subhalo/galface_709787.png,13551484000.0,0.6192868233847348,5.737373000000001,84.33382399999999,2512928.0,1.6830375,galface_709787.png,RecalL0025N0752galface_709787.png,C:\Users\Melissa\Dropbox\Melissa Seabrook Masters' Project\formation_of_galactic_bulges\galaxyimagebinRecalL0025N0752/RecalL0025N0752galface_709787.png,0.1408078432007644,0.38490655621963066,1.344154853996844,1.0407399742815977,2.5368280725974635,1.0717655228418632,2.353523711308135,2.353523711308135,0.0002503340295056167,1.1766073736491378,96.1053912705568,0.0012624655399170587,0.006032008030190268,0.008234882201167937,129,94.21958923339844,13.266857147216797,5026.458502769016,1934.7168322817029,0.31856956387466573,0.05182366073131561,1.6524248750112842,121.32967032967034,56.68681318681319,0.2806681959749173
20,20,2.220446e-16,0.019084621,http://virgodb.cosma.dur.ac.uk/eagle-webstorage/RecalL0025N0752_Subhalo/galface_642129.png,13584497000.0,0.6947810531658751,5.2435849999999995,79.59165,1654445.1,1.3904504,galface_642129.png,RecalL0025N0752galface_642129.png,C:\Users\Melissa\Dropbox\Melissa Seabrook Masters' Project\formation_of_galactic_bulges\galaxyimagebinRecalL0025N0752/RecalL0025N0752galface_642129.png,0.19310307412087435,0.39551449490720214,1.414155530430513,1.2516034271592946,0.48515871685293543,1.413310306309052,0.0021390065653640253,0.0021390065653640253,0.00048665123608698904,2.920099668968206,2584.1618804775535,0.002143754668985135,0.0,0.0,79,70.43684387207031,13.601571083068848,4963.95591852528,1963.3165178571428,0.34417516465760634,0.053131137043237686,1.8808563195493297,106.41208791208791,44.752747252747255,0.20335404280863867
21,21,2.220446e-16,0.017430674,http://virgodb.cosma.dur.ac.uk/eagle-webstorage/RecalL0025N0752_Subhalo/galface_754151.png,13952908000.0,0.6946117094564586,5.750483,77.57927,3713292.8,1.4327581,galface_754151.png,RecalL0025N0752galface_754151.png,C:\Users\Melissa\Dropbox\Melissa Seabrook Masters' Project\formation_of_galactic_bulges\galaxyimagebinRecalL0025N0752/RecalL0025N0752galface_754151.png,0.23118889501021145,0.4986411522732583,1.1653459148963197,0.8148003502559856,0.7972295878425381,0.7761387822708179,0.7810106773400213,0.7810106773400213,0.00016317314348598087,7.8810530384820465,0.20953619425839842,0.0005607215039777306,0.0009549059359110439,0.002392937226124481,140,66.27885437011719,15.322935104370117,4603.493039223482,2295.4910735603207,0.34592751761601903,0.05985521525144577,1.404133047878471,125.3076923076923,65.63736263736264,0.29112381357042416
22,22,2.220446e-16,0.016142643999999998,http://virgodb.cosma.dur.ac.uk/eagle-webstorage/RecalL0025N0752_Subhalo/galface_878368.png,14598747000.0,0.6183169055805271,6.2765580000000005,79.60713,1611158.8,2.3157200000000002,galface_878368.png,RecalL0025N0752galface_878368.png,C:\Users\Melissa\Dropbox\Melissa Seabrook Masters' Project\formation_of_galactic_bulges\galaxyimagebinRecalL0025N0752/RecalL0025N0752galface_878368.png,0.1745119477326468,0.3326700834722623,1.3114407780745954,1.3270783980997252,0.010000000000000002,1.4235418096002992,0.00016785047614909648,0.00016785047614909648,0.00014179681125109722,3.449293548521064,3.4003091594937268e+16,0.0019084866199348142,0.0,91910196476948.89,93,69.29890441894531,12.093486785888672,6341.478894329233,2109.6203131140956,0.2722177776265513,0.047240182757377625,1.7705421957370042,112.37912087912088,49.72527472527473,0.2446158015627425
23,23,2.220446e-16,0.019744815,http://virgodb.cosma.dur.ac.uk/eagle-webstorage/RecalL0025N0752_Subhalo/galface_646493.png,14780843000.0,0.777138899178698,4.9448123,84.41445999999999,1138628.6,0.37246987,galface_646493.png,RecalL0025N0752galface_646493.png,C:\Users\Melissa\Dropbox\Melissa Seabrook Masters' Project\formation_of_galactic_bulges\galaxyimagebinRecalL0025N0752/RecalL0025N0752galface_646493.png,0.2618323878422287,0.5317823886571972,1.7605879157238293,1.918693005158309,1.4460051674744079,1.9530180163405204,0.010745768832761526,0.010745768832761526,0.0003202098268978926,11.96174172384024,4.03302818234703e+22,0.0028374815713604856,1510347384202.8052,0.0,8,65.52491760253906,17.156545639038086,4446.544318926302,2364.593959188719,0.4582912886599758,0.06701775640249252,1.8591860305391625,112.37912087912088,47.73626373626374,0.13535041176168114
24,24,2.220446e-16,0.023209319,http://virgodb.cosma.dur.ac.uk/eagle-webstorage/RecalL0025N0752_Subhalo/galface_912390.png,14965153000.0,0.5670928687472263,3.256752,86.929924,7567917.5,0.4729184,galface_912390.png,RecalL0025N0752galface_912390.png,C:\Users\Melissa\Dropbox\Melissa Seabrook Masters' Project\formation_of_galactic_bulges\galaxyimagebinRecalL0025N0752/RecalL0025N0752galface_912390.png,0.16089938349588667,0.4492598447120974,0.8917992569215785,0.8562461745605616,1.2403723349648696,0.8050940072441227,1.408028415673767,1.408028415673767,0.00016008500310694598,0.28877520823925024,1.034714469888421,0.000210189492875976,0.013472081054611354,0.008654957841133975,51,82.81395721435547,13.324714660644531,3650.6143181607745,1640.0744216806688,0.3925420642997447,0.0520496666431427,1.58558407778718,109.3956043956044,52.70879120879121,0.2057935222215471
25,25,2.220446e-16,0.016656958,http://virgodb.cosma.dur.ac.uk/eagle-webstorage/RecalL0025N0752_Subhalo/galface_746518.png,15302997000.0,0.5012489502131887,4.3223400000000005,82.22694399999999,3006527.2,4.37122,galface_746518.png,RecalL0025N0752galface_746518.png,C:\Users\Melissa\Dropbox\Melissa Seabrook Masters' Project\formation_of_galactic_bulges\galaxyimagebinRecalL0025N0752/RecalL0025N0752galface_746518.png,0.30573188138511354,0.5922323944437071,1.9034191990155536,1.9999999999999998,0.010000000001731152,2.9505764136994865,0.00011521200445578639,0.00011521200445578639,0.0004821265724269814,299.17945786298407,93028022754300.17,0.0882442993562178,0.0,0.0,72,63.73784255981445,19.486690521240234,5710.235590928582,3381.786496853311,0.49783410241856296,0.07611988484859467,1.9808187532311725,121.33695652173913,48.733695652173914,0.30150873570585623
26,26,2.220446e-16,0.013023905,http://virgodb.cosma.dur.ac.uk/eagle-webstorage/RecalL0025N0752_Subhalo/galface_1797050.png,15780059000.0,0.2020269035998763,6.423508999999999,89.44519,17390120.0,1.1389352,galface_1797050.png,RecalL0025N0752galface_1797050.png,C:\Users\Melissa\Dropbox\Melissa Seabrook Masters' Project\formation_of_galactic_bulges\galaxyimagebinRecalL0025N0752/RecalL0025N0752galface_1797050.png,0.3481900959110242,0.6581371709810904,2.0219549750871866,1.9999999999999745,0.2215480410914872,1.8589509991799198,0.3020955072451473,0.3020955072451473,0.00030094441930703157,91.78918072452569,1.90132687967062,0.0029859733100848886,0.004634759376479469,0.0,6,53.763946533203125,18.720073699951172,4111.780488763186,2706.1155785698484,0.537932688394568,0.07312528789043427,1.8645600148505328,117.35164835164835,49.72527472527473,0.15957327835322163
27,27,2.220446e-16,0.014319981,http://virgodb.cosma.dur.ac.uk/eagle-webstorage/RecalL0025N0752_Subhalo/galface_1266747.png,15807496000.0,0.12092430779792973,18.436375,100.0523,234929.3,1.8738074,galface_1266747.png,RecalL0025N0752galface_1266747.png,C:\Users\Melissa\Dropbox\Melissa Seabrook Masters' Project\formation_of_galactic_bulges\galaxyimagebinRecalL0025N0752/RecalL0025N0752galface_1266747.png,0.2500254767260687,0.46937487319420296,1.3682687497136494,1.4663728640118014,0.01000049245618429,1.4052176428053258,0.21589614822043646,0.21589614822043646,0.0001683111918824149,19.975072668404117,6.684627571642162e+18,0.0034107446525097366,19.17461464403827,0.0,46,69.85027313232422,17.46434783935547,6343.503900785531,2977.4813390381405,0.3707000459623179,0.0682201087474823,1.7121134041110313,120.34239130434783,54.701086956521735,0.23632712293563837
28,28,2.220446e-16,0.017662922,http://virgodb.cosma.dur.ac.uk/eagle-webstorage/RecalL0025N0752_Subhalo/galface_763033.png,16193163000.0,0.6261017175155097,6.3302135,89.67209,3788242.5,0.9702982,galface_763033.png,RecalL0025N0752galface_763033.png,C:\Users\Melissa\Dropbox\Melissa Seabrook Masters' Project\formation_of_galactic_bulges\galaxyimagebinRecalL0025N0752/RecalL0025N0752galface_763033.png,0.2422835235766752,0.5116625700881078,0.9207730440341139,0.692030813137495,0.7195876686347079,0.6594239404351379,0.8561957761510084,0.8561957761510084,7.785231879173151e-05,4.143963128935648,0.10193334180755634,0.00014395788712905056,0.0005798951549729255,0.0011933713286735041,121,63.5915412902832,15.407182693481445,4909.971715941417,2512.248747238502,0.328466675058399,0.060184307396411896,1.2935284047085005,126.30219780219781,69.61538461538461,0.21713778087095825
29,29,2.220446e-16,0.021061167000000002,http://virgodb.cosma.dur.ac.uk/eagle-webstorage/RecalL0025N0752_Subhalo/galface_1557597.png,16374937000.0,0.4716273793116385,2.1312835,94.942314,644198300.0,0.07343443,galface_1557597.png,RecalL0025N0752galface_1557597.png,C:\Users\Melissa\Dropbox\Melissa Seabrook Masters' Project\formation_of_galactic_bulges\galaxyimagebinRecalL0025N0752/RecalL0025N0752galface_1557597.png,0.3574028635772854,0.7465039836213584,1.5203686142773556,1.7275232701668544,1.362431982847564,1.4461009787650883,1.3233446139144047,1.3233446139144047,0.0006462206487643238,96.97065778831653,2.75922874425454,0.0006675436866031705,0.013480830283223583,0.012584747754276215,9,47.338802337646484,16.919023513793945,2215.004042200624,1653.5093412401773,0.5905780458436469,0.0660899356007576,1.6499684579964888,123.31868131868131,57.681318681318686,0.1877409364895038
30,30,2.220446e-16,0.023790357999999998,http://virgodb.cosma.dur.ac.uk/eagle-webstorage/RecalL0025N0752_Subhalo/galface_866129.png,16757427000.0,0.6729904219746479,1.9136294999999999,87.32021,15261476.0,0.12633601,galface_866129.png,RecalL0025N0752galface_866129.png,C:\Users\Melissa\Dropbox\Melissa Seabrook Masters' Project\formation_of_galactic_bulges\galaxyimagebinRecalL0025N0752/RecalL0025N0752galface_866129.png,0.32156746010276976,0.8681378544588783,2.8180027615059435,1.9999999999999998,1.209283668151905,2.669629874042559,0.7296413191008974,0.7296413191008974,0.0014195109394948438,65.76883893258665,1.73528215103644,0.003995502642008262,0.08483423653622951,0.0,0,50.7667236328125,16.324926376342773,2101.5549476818164,1824.4394033079323,0.6262307417640312,0.06376924365758896,1.962946451439682,120.33516483516483,48.73076923076923,0.20987535169099514
31,31,2.220446e-16,0.017281816999999998,http://virgodb.cosma.dur.ac.uk/eagle-webstorage/RecalL0025N0752_Subhalo/galface_817104.png,16822366000.0,0.6562007175741672,5.952875,82.07669,5499465.0,2.4903455,galface_817104.png,RecalL0025N0752galface_817104.png,C:\Users\Melissa\Dropbox\Melissa Seabrook Masters' Project\formation_of_galactic_bulges\galaxyimagebinRecalL0025N0752/RecalL0025N0752galface_817104.png,0.1529690518128662,0.37152859280912887,1.1918656701008217,0.8889089145096274,1.0615378713233972,0.8464078830065704,1.0742397214394575,1.0742397214394575,0.00015325435607398537,0.9243041830939871,0.9099879058136624,0.0007470364822315541,0.001972257990619495,0.00393927388991154,190,90.90802001953125,13.906113624572754,5861.541430779996,2177.7302394700996,0.31076673430204327,0.05432075634598732,1.4350964061058327,121.32967032967034,62.65384615384615,0.21805595724169577
32,32,2.220446e-16,0.02074496,http://virgodb.cosma.dur.ac.uk/eagle-webstorage/RecalL0025N0752_Subhalo/galface_825807.png,17293883000.0,0.4050341747843291,4.2948403,83.89428000000001,7593567.5,1.6998967,galface_825807.png,RecalL0025N0752galface_825807.png,C:\Users\Melissa\Dropbox\Melissa Seabrook Masters' Project\formation_of_galactic_bulges\galaxyimagebinRecalL0025N0752/RecalL0025N0752galface_825807.png,0.15454427319249336,0.48887970069077535,1.2148631844140807,1.092231773660654,1.018061244942784,1.0415453845103602,0.7752227491431327,0.7752227491431327,0.00022761388880355272,0.7656594520658455,1.0705186250457372,0.0006063326838980341,0.010871598987155826,0.01249211500864758,143,94.74449157714844,14.642218589782715,3884.3088385927654,1898.9597424017643,0.36371039502807756,0.05719616636633873,1.6165319518756671,119.34065934065934,56.68681318681319,0.24991527656558188
33,33,2.220446e-16,0.01636052,http://virgodb.cosma.dur.ac.uk/eagle-webstorage/RecalL0025N0752_Subhalo/galface_701288.png,17896090000.0,0.35232716265398045,6.7414380000000005,84.406525,13920364.0,1.1763643,galface_701288.png,RecalL0025N0752galface_701288.png,C:\Users\Melissa\Dropbox\Melissa Seabrook Masters' Project\formation_of_galactic_bulges\galaxyimagebinRecalL0025N0752/RecalL0025N0752galface_701288.png,0.23226943547412393,0.4872447452242016,1.143054037863962,0.8836108970556918,0.9158608641559884,0.8395041827877503,0.9099445495413185,0.9099445495413185,0.00021903657483377908,5.568278761837873,0.5241047878327023,0.0005533659291893004,0.001890976584430541,0.002887280652684684,136,65.0809555053711,15.116316795349121,4702.317677010459,2291.1795784982205,0.3404536775461218,0.059048112481832504,1.404133047878471,125.31147540983606,65.63934426229508,0.21695385912491974
34,34,2.220446e-16,0.025452628999999997,http://virgodb.cosma.dur.ac.uk/eagle-webstorage/RecalL0025N0752_Subhalo/galface_610028.png,18309910000.0,0.5395110917481846,1.6386763,94.41458,21087186.0,0.16034442,galface_610028.png,RecalL0025N0752galface_610028.png,C:\Users\Melissa\Dropbox\Melissa Seabrook Masters' Project\formation_of_galactic_bulges\galaxyimagebinRecalL0025N0752/RecalL0025N0752galface_610028.png,0.3465631861057986,0.7184586628556076,2.352913108817865,1.9999999999999836,2.129389415520966,2.114175014153074,2.057663200107097,2.057663200107097,0.0006385236936770489,59.49226899727617,11.153667332963568,0.002042870236181224,0.12690857397286764,0.0,1,48.519039154052734,16.814912796020508,2011.399950692136,1445.107719042107,0.5815846851949148,0.06568325310945511,1.8828847852825596,118.34615384615385,49.72527472527473,0.1683338776048589
35,35,2.220446e-16,0.021772452,http://virgodb.cosma.dur.ac.uk/eagle-webstorage/RecalL0025N0752_Subhalo/galface_616717.png,18388167000.0,0.7353631084481508,3.6619565,89.66717,5915743.5,0.24700254,galface_616717.png,RecalL0025N0752galface_616717.png,C:\Users\Melissa\Dropbox\Melissa Seabrook Masters' Project\formation_of_galactic_bulges\galaxyimagebinRecalL0025N0752/RecalL0025N0752galface_616717.png,0.3384548108062042,0.6191146897526792,2.391711590283058,1.9999999999999998,0.21123647147842645,8.85419468656286,0.003504496406598112,0.003504496406598112,0.0010429789029269914,67.83681446595344,974.7622071093385,1.1334915102904768,0.0,0.0,8,53.7139892578125,18.179758071899414,4025.5267881855834,2492.2627685586167,0.5551101635708643,0.07101467996835709,2.2614883549731513,101.43956043956044,35.8021978021978,0.1862971973449183
36,36,2.220446e-16,0.014225453999999998,http://virgodb.cosma.dur.ac.uk/eagle-webstorage/RecalL0025N0752_Subhalo/galface_1785362.png,18594980000.0,0.503355833543987,10.633857,92.79753000000001,25779586.0,0.102983974,galface_1785362.png,RecalL0025N0752galface_1785362.png,C:\Users\Melissa\Dropbox\Melissa Seabrook Masters' Project\formation_of_galactic_bulges\galaxyimagebinRecalL0025N0752/RecalL0025N0752galface_1785362.png,0.29376032682501935,0.7551465422396404,1.2280429811981552,0.9022781299097541,1.3240460187140926,0.8354549244327806,1.512008060385409,1.512008060385409,0.0001933916266074991,19.355066458286743,0.5465677785155345,0.0003028639521960797,0.0035897432276156926,0.003984122020225526,14,57.870643615722656,17.000099182128906,2884.0699735002763,2177.895468065905,0.4655407039868497,0.06640663743019104,1.4056758347352096,127.2967032967033,66.63186813186813,0.24573183916548508
37,37,2.220446e-16,0.02275076,http://virgodb.cosma.dur.ac.uk/eagle-webstorage/RecalL0025N0752_Subhalo/galface_853401.png,19010083000.0,0.7718262651255898,3.2498074,84.82285999999999,9476027.0,0.8247564000000001,galface_853401.png,RecalL0025N0752galface_853401.png,C:\Users\Melissa\Dropbox\Melissa Seabrook Masters' Project\formation_of_galactic_bulges\galaxyimagebinRecalL0025N0752/RecalL0025N0752galface_853401.png,0.2694070368135358,0.5823853171920567,1.2861676731562246,1.0498158331785064,0.9751085975429362,0.9937383156724808,1.0855903266581886,1.0855903266581886,0.00013601935521644447,5.813053421966474,0.29594016880402885,0.0003596545393039999,0.0027620256781054836,0.0026049432723335318,93,61.00825881958008,16.436054229736328,3866.062421671873,2251.5379897296643,0.43476935758123747,0.06420333683490753,1.505149978319906,117.35164835164835,58.675824175824175,0.2322803699877894
38,38,2.220446e-16,0.018890733,http://virgodb.cosma.dur.ac.uk/eagle-webstorage/RecalL0025N0752_Subhalo/galface_793490.png,19232920000.0,0.7068434194133755,5.2958913,87.28749,1592105.0,1.3585818,galface_793490.png,RecalL0025N0752galface_793490.png,C:\Users\Melissa\Dropbox\Melissa Seabrook Masters' Project\formation_of_galactic_bulges\galaxyimagebinRecalL0025N0752/RecalL0025N0752galface_793490.png,0.17475468602676114,0.40642509876262456,1.174552881601323,1.0571756992574006,0.8968107921753847,1.010046647534744,1.0559522492439328,1.0559522492439328,0.0001951416111536694,1.0961464798556342,0.8914833222686842,0.00047243404708282596,0.01069816867392529,0.009563372516397085,145,80.16394805908203,14.009025573730469,5117.101285875631,2079.7183954903567,0.33798789423479275,0.054722756147384644,1.5422700687159405,117.35164835164835,57.681318681318686,0.2190312948200414
39,39,2.220446e-16,0.020319566,http://virgodb.cosma.dur.ac.uk/eagle-webstorage/RecalL0025N0752_Subhalo/galface_770934.png,19364436000.0,0.4351291452136629,4.3618517,90.58164000000001,20820514.0,0.78487146,galface_770934.png,RecalL0025N0752galface_770934.png,C:\Users\Melissa\Dropbox\Melissa Seabrook Masters' Project\formation_of_galactic_bulges\galaxyimagebinRecalL0025N0752/RecalL0025N0752galface_770934.png,0.2499615407268032,0.5547165172281787,1.1720858744589588,1.0603948351258792,1.4611456077252594,0.9958949145399492,1.54643616051759,1.54643616051759,0.0001676922636000507,6.77459005355417,1.1706592293503912,0.0003108582565677123,0.00476507025918808,0.004880460596016071,95,58.421714782714844,14.603181838989258,3048.0625286663085,1690.8106301954904,0.38794676430991604,0.05704367905855179,1.4704056785432669,123.31868131868131,62.65384615384615,0.1939479510153369
40,40,2.220446e-16,0.015318896,http://virgodb.cosma.dur.ac.uk/eagle-webstorage/RecalL0025N0752_Subhalo/galface_1681524.png,21308115000.0,0.6093402128146163,3.7811660000000002,104.43887,33566230.0,1.590729,galface_1681524.png,RecalL0025N0752galface_1681524.png,C:\Users\Melissa\Dropbox\Melissa Seabrook Masters' Project\formation_of_galactic_bulges\galaxyimagebinRecalL0025N0752/RecalL0025N0752galface_1681524.png,0.23576137389371463,0.6032418717527339,1.9427544641265513,1.9999999999999998,0.16367175128169545,2.75184333168401,0.006640679592479437,0.006640679592479437,0.00028872246762187367,53.55633427997082,2481059.264257444,0.046706966998617344,0.0,0.0,44,77.98888397216797,18.38676643371582,4604.823094193669,2777.822102431605,0.5101345977124758,0.07182330638170242,2.0271401503229383,116.35714285714286,45.747252747252745,0.20626300584139418
41,41,2.220446e-16,0.016020635,http://virgodb.cosma.dur.ac.uk/eagle-webstorage/RecalL0025N0752_Subhalo/galface_1696892.png,21490014000.0,0.24812939438526796,3.4624455000000003,111.08613600000001,80683550.0,0.49061540000000003,galface_1696892.png,RecalL0025N0752galface_1696892.png,C:\Users\Melissa\Dropbox\Melissa Seabrook Masters' Project\formation_of_galactic_bulges\galaxyimagebinRecalL0025N0752/RecalL0025N0752galface_1696892.png,0.2395732673125549,0.548022861226758,1.8994363165215373,1.6650648966018962,0.9806386389169938,1.6415738123139747,1.2777523375075686,1.2777523375075686,0.00023748023205918812,14.710169419416218,0.3821838859981671,0.001414485782417681,0.007530783846134144,0.0023466881036015297,53,66.06671142578125,15.827817916870117,3886.295598826313,2129.778833641753,0.4507405443608843,0.061827413737773895,1.7477121097257702,122.32417582417582,54.6978021978022,0.14753106549146058
42,42,2.220446e-16,0.02041699,http://virgodb.cosma.dur.ac.uk/eagle-webstorage/RecalL0025N0752_Subhalo/galface_726306.png,22260697000.0,0.00669053095289629,3.8738822999999996,94.227806,14965625.0,1.3531555,galface_726306.png,RecalL0025N0752galface_726306.png,C:\Users\Melissa\Dropbox\Melissa Seabrook Masters' Project\formation_of_galactic_bulges\galaxyimagebinRecalL0025N0752/RecalL0025N0752galface_726306.png,0.3457771776222213,0.6291914302089938,1.8205696972139158,1.9999999999999993,0.010371040122235655,2.7995409986367394,0.011660340136017924,0.011660340136017924,0.0006451563786796878,125.39350664385633,4.772603875055371e+16,0.03723435402125362,242312237444.92758,0.0,22,61.024986267089844,21.10104751586914,4719.833911833749,2969.6790493355866,0.5296914001807986,0.08242596685886383,1.9618006564560055,115.36263736263737,46.74175824175824,0.17288035665466137
43,43,2.220446e-16,0.02537573,http://virgodb.cosma.dur.ac.uk/eagle-webstorage/RecalL0025N0752_Subhalo/galface_671241.png,22513230000.0,0.5830581869497806,1.7768615,101.04869000000001,22980152.0,0.7490871,galface_671241.png,RecalL0025N0752galface_671241.png,C:\Users\Melissa\Dropbox\Melissa Seabrook Masters' Project\formation_of_galactic_bulges\galaxyimagebinRecalL0025N0752/RecalL0025N0752galface_671241.png,0.37000904688755815,0.7004281497367474,1.980803153295425,1.9999999999999998,1.1965194812552733,1.711762522470052,1.1825111797076269,1.1825111797076269,0.0010724688460182997,232.90907558909305,6.597912692005496,0.0014697769902229652,0.03010941925252886,0.0,8,47.605247497558594,17.61437225341797,2449.5683162786145,1715.7466034247896,0.5673941851114711,0.06880614161491394,1.7477121097257702,122.32417582417582,54.6978021978022,0.19074423818079225
44,44,2.220446e-16,0.020668296000000003,http://virgodb.cosma.dur.ac.uk/eagle-webstorage/RecalL0025N0752_Subhalo/galface_846421.png,22567797000.0,0.8045442681059936,6.788192,92.612495,5784568.0,1.0453924,galface_846421.png,RecalL0025N0752galface_846421.png,C:\Users\Melissa\Dropbox\Melissa Seabrook Masters' Project\formation_of_galactic_bulges\galaxyimagebinRecalL0025N0752/RecalL0025N0752galface_846421.png,0.1492579383642095,0.40569005930796403,0.8454917753340365,0.7518744507873703,1.4075318211957417,0.7103365810290921,1.4331315650949386,1.4331315650949386,0.00010801363328185982,0.29764568839784966,1.6495439646965102,0.00018140160736780894,0.014241777179116054,0.033391814876947805,123,78.71092224121094,11.74822998046875,3531.5221784749833,1432.7034420329064,0.3008829517735612,0.045891523361206055,1.414280133676973,116.35714285714286,60.66483516483517,0.1917585847714113
45,45,2.220446e-16,0.027148138999999998,http://virgodb.cosma.dur.ac.uk/eagle-webstorage/RecalL0025N0752_Subhalo/galface_688091.png,22973825000.0,0.41103440909748346,1.3597819,104.45458,28675744.0,0.044194985,galface_688091.png,RecalL0025N0752galface_688091.png,C:\Users\Melissa\Dropbox\Melissa Seabrook Masters' Project\formation_of_galactic_bulges\galaxyimagebinRecalL0025N0752/RecalL0025N0752galface_688091.png,0.32529840081879985,0.780856437405372,1.6397338219235749,1.9999999999999991,2.991717488982829,1.5179083979397916,2.722009542510755,2.722009542510755,0.0009788231696151956,144.33811083873945,111.59975489712441,0.0011947572129145528,0.7222645692988411,0.0,12,46.11181640625,15.000100135803223,1173.9389174910468,916.6777608435777,0.6163586701992743,0.05859414115548134,1.751958052467408,120.33516483516483,53.7032967032967,0.2144034172391121
46,46,2.220446e-16,0.018606555,http://virgodb.cosma.dur.ac.uk/eagle-webstorage/RecalL0025N0752_Subhalo/galface_1437151.png,24514628000.0,0.6623790311034895,5.5651054,100.31617,29696312.0,1.8403004,galface_1437151.png,RecalL0025N0752galface_1437151.png,C:\Users\Melissa\Dropbox\Melissa Seabrook Masters' Project\formation_of_galactic_bulges\galaxyimagebinRecalL0025N0752/RecalL0025N0752galface_1437151.png,0.17155870849124066,0.500667561061013,1.0610177396224925,0.9956558229393558,1.2809259875751473,0.9439488923681444,1.2485778918170796,1.2485778918170796,0.00022087720126253612,1.5573284376381087,1.5753546079235456,0.0004337134615895233,0.020157899530695828,0.015948727096537465,148,74.58525848388672,12.795750617980957,2963.9445728637593,1483.9509004157242,0.33366295510777305,0.04998340085148811,1.541042901455523,121.32967032967034,59.67032967032967,0.20543178193172604
47,47,2.220446e-16,0.01941169,http://virgodb.cosma.dur.ac.uk/eagle-webstorage/RecalL0025N0752_Subhalo/galface_737885.png,25758130000.0,0.6769265434174371,8.494644000000001,97.633575,6283330.0,2.1638246,galface_737885.png,RecalL0025N0752galface_737885.png,C:\Users\Melissa\Dropbox\Melissa Seabrook Masters' Project\formation_of_galactic_bulges\galaxyimagebinRecalL0025N0752/RecalL0025N0752galface_737885.png,0.13040372746139578,0.31274346864667313,0.5931183996624088,0.5320502867094277,0.8716308086074415,0.49996930940047046,0.9265820054253654,0.9265820054253654,0.00010488875058291066,0.23112526037365316,1.7828282180432475,0.00013622428867286188,0.003260255474659319,545564.6163756845,257,90.89747619628906,11.85336971282959,6009.0245320024915,1879.283175321411,0.23167715414893403,0.046302225440740585,1.2513822880510683,120.33516483516483,67.62637362637363,0.17579666541818725
48,48,2.220446e-16,0.022226697000000004,http://virgodb.cosma.dur.ac.uk/eagle-webstorage/RecalL0025N0752_Subhalo/galface_1593757.png,28592847000.0,0.6062936213268477,5.5502257,104.44974,32533924.0,0.8268959000000001,galface_1593757.png,RecalL0025N0752galface_1593757.png,C:\Users\Melissa\Dropbox\Melissa Seabrook Masters' Project\formation_of_galactic_bulges\galaxyimagebinRecalL0025N0752/RecalL0025N0752galface_1593757.png,0.18338183071299785,0.5533022354469047,1.031505582856952,1.0170990871088177,1.5230528922547568,0.9512987356534638,1.7673170009767636,1.7673170009767636,0.00010552251463696068,0.9677068087546166,1.9566225389281524,0.00013907731492938865,0.007926523287936397,0.006117301101819022,107,69.99364471435547,12.835562705993652,2387.212295899976,1320.8498998077946,0.36178844741861854,0.050138916820287704,1.4878473177723737,124.31318681318682,62.65384615384615,0.17306654970631194
49,49,2.220446e-16,0.02108429,http://virgodb.cosma.dur.ac.uk/eagle-webstorage/RecalL0025N0752_Subhalo/galface_650554.png,29770949000.0,0.8146868950774627,6.6878147,97.58462,2035554.4,2.7400305,galface_650554.png,RecalL0025N0752galface_650554.png,C:\Users\Melissa\Dropbox\Melissa Seabrook Masters' Project\formation_of_galactic_bulges\galaxyimagebinRecalL0025N0752/RecalL0025N0752galface_650554.png,0.15981511470332707,0.3165503818814695,1.1919610978610242,1.1291848897297265,4.28708938228444,1.1546131756644413,1.925539157388444,1.925539157388444,0.00027176689683338474,1.3531512733557984,3559.8290862698236,0.0006323402939044235,0.13620106868869414,0.05584236878788192,114,74.16926574707031,11.85336971282959,4676.889879761883,1480.471277456204,0.24877542805751443,0.046302225440740585,1.6549660952071221,119.34065934065934,55.69230769230769,0.2300129726518548
50,50,2.220446e-16,0.03249043,http://virgodb.cosma.dur.ac.uk/eagle-webstorage/RecalL0025N0752_Subhalo/galface_780704.png,30751242000.0,0.6079901913184503,1.6632456000000002,117.04976,19998060.0,0.30235633,galface_780704.png,RecalL0025N0752galface_780704.png,C:\Users\Melissa\Dropbox\Melissa Seabrook Masters' Project\formation_of_galactic_bulges\galaxyimagebinRecalL0025N0752/RecalL0025N0752galface_780704.png,0.3581583733064195,0.7063089705785629,0.9536218222412158,1.0295647548620817,2.070421781981623,0.9190961231004965,2.183629579386156,2.183629579386156,0.00010508709657574715,24.577044249141856,12.217984044513338,0.0001153370840802231,0.06561737298535163,0.07176838142424964,42,43.836524963378906,15.700418472290039,1719.0667582860654,1214.192272400858,0.5023809958771831,0.061329759657382965,1.3340794756643977,121.32967032967034,65.63736263736264,0.19424716947200193
51,51,2.220446e-16,0.020029511,http://virgodb.cosma.dur.ac.uk/eagle-webstorage/RecalL0025N0752_Subhalo/galface_1720071.png,32110428000.0,0.5452840148656595,5.6410236,102.30176999999999,36292424.0,1.3391118,galface_1720071.png,RecalL0025N0752galface_1720071.png,C:\Users\Melissa\Dropbox\Melissa Seabrook Masters' Project\formation_of_galactic_bulges\galaxyimagebinRecalL0025N0752/RecalL0025N0752galface_1720071.png,0.16812299599712718,0.4227215100525682,1.1712626597300517,1.0245958417571683,2.1328117757649765,1.1233153913902207,1.0436681257454046,1.0436681257454046,0.000169129048889861,0.6631760820579112,14.045984663518032,0.00031088475072480186,0.03651338010363131,0.01766871274568432,114,75.06129455566406,12.619529724121094,3168.5661443731115,1339.4210652508455,0.36034396651079303,0.04929503798484802,1.6974412374157843,117.35164835164835,53.7032967032967,0.16772273969905188
52,52,2.220446e-16,0.016542446000000002,http://virgodb.cosma.dur.ac.uk/eagle-webstorage/RecalL0025N0752_Subhalo/galface_1378064.png,32135940000.0,0.17619359449599592,9.419538000000001,111.830605,282566270.0,0.59004754,galface_1378064.png,RecalL0025N0752galface_1378064.png,C:\Users\Melissa\Dropbox\Melissa Seabrook Masters' Project\formation_of_galactic_bulges\galaxyimagebinRecalL0025N0752/RecalL0025N0752galface_1378064.png,0.14590975252000435,0.507392797390842,1.4375262027329996,0.9399078085517322,0.8589573831520511,0.9005999390141343,0.8652138636188237,0.8652138636188237,0.00014662470521607408,1.141091301064109,0.20196552205798834,0.002610598347646832,0.0005279408713371886,0.0005346556945806034,80,122.02468872070312,17.80459213256836,5018.714014615968,2546.459343180619,0.38771314638497306,0.06954918801784515,1.471483065025064,127.2967032967033,64.64285714285714,0.34327518354741504
53,53,2.220446e-16,0.020145168999999997,http://virgodb.cosma.dur.ac.uk/eagle-webstorage/RecalL0025N0752_Subhalo/galface_621500.png,32420280000.0,0.6584161649889544,3.208525,113.60977,55283330.0,0.59316075,galface_621500.png,RecalL0025N0752galface_621500.png,C:\Users\Melissa\Dropbox\Melissa Seabrook Masters' Project\formation_of_galactic_bulges\galaxyimagebinRecalL0025N0752/RecalL0025N0752galface_621500.png,0.367815626550158,0.6663076495224091,1.8071017449370503,1.7073135092646619,0.8833591098288899,1.5104634044893943,0.9003748747169421,0.9003748747169421,0.0003783658380137808,56.75039965265096,1.6055840653616165,0.0005774405997753171,0.003853364585387234,0.0017309238188759804,1,51.393192291259766,18.90321922302246,3460.5616469770357,2305.798697024665,0.5242917558757946,0.07384070008993149,1.7261682907801728,123.31868131868131,55.69230769230769,0.14767287587919628
54,54,2.220446e-16,0.022054337,http://virgodb.cosma.dur.ac.uk/eagle-webstorage/RecalL0025N0752_Subhalo/galface_1298434.png,32549050000.0,0.03300913279580686,2.3401575,121.91673,56875210.0,0.0,galface_1298434.png,RecalL0025N0752galface_1298434.png,C:\Users\Melissa\Dropbox\Melissa Seabrook Masters' Project\formation_of_galactic_bulges\galaxyimagebinRecalL0025N0752/RecalL0025N0752galface_1298434.png,0.291740827492058,0.7301153942196347,1.1140665698224805,1.2226477708453807,1.4871584929675095,1.0806471736119683,1.6648702244135043,1.6648702244135043,0.00024077334227535677,15.91524143177903,4.333234965297064,0.00025996335859912977,0.04633427995660763,0.05163755967809457,3,50.638736724853516,14.77338695526123,1878.2482133613512,1371.3379347406474,0.5132626143077351,0.05770854279398918,1.5398942780965452,125.3076923076923,61.65934065934066,0.12397547433889884
55,55,2.220446e-16,0.018555013000000002,http://virgodb.cosma.dur.ac.uk/eagle-webstorage/RecalL0025N0752_Subhalo/galface_1757806.png,32898066000.0,0.8272344249102561,12.129424,108.091385,14308336.0,1.8502595000000002,galface_1757806.png,RecalL0025N0752galface_1757806.png,C:\Users\Melissa\Dropbox\Melissa Seabrook Masters' Project\formation_of_galactic_bulges\galaxyimagebinRecalL0025N0752/RecalL0025N0752galface_1757806.png,0.22043527907180716,0.43794857553454675,0.4948976604624671,0.46632472991778395,1.12807302400659,0.4307365485104715,1.1940221484233553,1.1940221484233553,8.345334989114086e-05,3.9728071581322233,1.950712840167618,9.789041575867582e-05,0.0031861495556745915,1176.5763117961444,250,61.71719741821289,13.604647636413574,4724.620022218193,2069.1406086724564,0.24667536113570343,0.053143154829740524,1.1776422345377444,128.2912087912088,74.58791208791209,0.1787282261972499
56,56,2.220446e-16,0.026789697,http://virgodb.cosma.dur.ac.uk/eagle-webstorage/RecalL0025N0752_Subhalo/galface_1772612.png,35210860000.0,0.3855510745090289,5.1205110000000005,110.965645,34318108.0,2.7216854,galface_1772612.png,RecalL0025N0752galface_1772612.png,C:\Users\Melissa\Dropbox\Melissa Seabrook Masters' Project\formation_of_galactic_bulges\galaxyimagebinRecalL0025N0752/RecalL0025N0752galface_1772612.png,0.14981600095270062,0.37178672870607293,0.7358274516667864,0.7070847449425579,1.6757595847155495,0.6668200058339787,1.709227068181806,1.709227068181806,0.00014133478485369745,0.3844041619457645,11.110238632213777,0.00019944757232201262,0.07644575444788712,1.0175148155889069,201,82.90064239501953,12.419842720031738,3644.846281460436,1355.1054756206697,0.29667568027309316,0.04851501062512398,1.3810320596947454,118.34972677595628,62.65573770491803,0.18816424508740243
57,57,2.220446e-16,0.018968488999999998,http://virgodb.cosma.dur.ac.uk/eagle-webstorage/RecalL0025N0752_Subhalo/galface_1608845.png,38594700000.0,0.7838699672271726,7.706573,113.14721999999999,3218937.8,6.5243,galface_1608845.png,RecalL0025N0752galface_1608845.png,C:\Users\Melissa\Dropbox\Melissa Seabrook Masters' Project\formation_of_galactic_bulges\galaxyimagebinRecalL0025N0752/RecalL0025N0752galface_1608845.png,0.0,0.0,0.0,0.0,0.0,0.0,0.0,0.0,0.0,0.0,0.0,0.0,0.0,0.0,35,64.73416900634766,0.0,8198.49211884306,0.0,0.0,0.0,0.0,0.0,0.0,0.18020584496919909
58,58,2.220446e-16,0.018314808999999998,http://virgodb.cosma.dur.ac.uk/eagle-webstorage/RecalL0025N0752_Subhalo/galface_1488352.png,41894924000.0,0.0654306313834192,10.005852,118.03567,57434750.0,0.55341583,galface_1488352.png,RecalL0025N0752galface_1488352.png,C:\Users\Melissa\Dropbox\Melissa Seabrook Masters' Project\formation_of_galactic_bulges\galaxyimagebinRecalL0025N0752/RecalL0025N0752galface_1488352.png,0.2541286056043572,0.6720198374980042,1.1180369585182677,1.0311595044802317,1.6054566209328642,0.9465300843015273,1.7670177939417537,1.7670177939417537,0.0002487493137725475,5.3708107991777005,1.3994443668766787,0.00035059840243171114,0.008644700358627607,0.008289388421866361,79,64.23883819580078,16.324926376342773,2441.1978989720374,1640.5334153676579,0.4300154509554604,0.06376924365758896,1.4878473177723737,124.31318681318682,62.65384615384615,0.1347393432682634
59,59,2.220446e-16,0.022895822000000003,http://virgodb.cosma.dur.ac.uk/eagle-webstorage/RecalL0025N0752_Subhalo/galface_1540783.png,43012500000.0,0.6453901691918543,5.1272435,115.57706,15364328.0,4.289949,galface_1540783.png,RecalL0025N0752galface_1540783.png,C:\Users\Melissa\Dropbox\Melissa Seabrook Masters' Project\formation_of_galactic_bulges\galaxyimagebinRecalL0025N0752/RecalL0025N0752galface_1540783.png,0.21842488937844315,0.4360101359669906,1.4935213250420551,1.474129655036872,0.01000098903052212,1.5427332684464445,0.007230479317860309,0.007230479317860309,0.0002288742204701933,5.663183816705058,2.3610273248686674e+19,0.0011249950118935885,0.0,0.0,122,69.52706909179688,15.186442375183105,5061.597844370682,2206.9079643342875,0.353356363867793,0.059322040528059006,1.7745268822341789,119.34065934065934,52.70879120879121,0.17799779072122118
60,60,2.220446e-16,0.027545077999999997,http://virgodb.cosma.dur.ac.uk/eagle-webstorage/RecalL0025N0752_Subhalo/galface_1454018.png,46508433000.0,0.050063658875086785,2.9151835,136.93153,482761150.0,0.07928023,galface_1454018.png,RecalL0025N0752galface_1454018.png,C:\Users\Melissa\Dropbox\Melissa Seabrook Masters' Project\formation_of_galactic_bulges\galaxyimagebinRecalL0025N0752/RecalL0025N0752galface_1454018.png,0.3257669584642572,0.7315493368946561,0.9811157652701444,1.0488671154895037,1.8928121398377866,0.9251547827358582,1.8294557216784628,1.8294557216784628,0.00024232679589789415,33.81378350574196,9.736723845426587,0.0002770525434622586,0.08713520362196427,0.07816159239547217,31,49.13914489746094,16.007909774780273,1819.4417138637994,1331.011379295539,0.51628699119895,0.06253089755773544,1.4709528556683789,125.3076923076923,63.64835164835165,0.13362062655116388
61,61,2.220446e-16,0.025770646,http://virgodb.cosma.dur.ac.uk/eagle-webstorage/RecalL0025N0752_Subhalo/galface_1567250.png,48491475000.0,0.43775277055561457,3.40309,136.1888,1304622000.0,0.49394003,galface_1567250.png,RecalL0025N0752galface_1567250.png,C:\Users\Melissa\Dropbox\Melissa Seabrook Masters' Project\formation_of_galactic_bulges\galaxyimagebinRecalL0025N0752/RecalL0025N0752galface_1567250.png,0.229647286061629,0.8519812909207454,1.2563752815936742,1.348457205183991,1.0218797051116164,1.2158744697615689,1.1810162507257749,1.1810162507257749,0.0002221476026545603,5.107914954146639,0.6686340713656681,0.00026208233651880855,0.02256557090740865,0.0385253165924326,62,65.36155700683594,15.010104179382324,1811.3020466424944,1543.1954559458604,0.4774810580942402,0.058633219450712204,1.5752035505339794,125.3076923076923,60.66483516483517,0.17770999032777748
62,62,2.220446e-16,0.019645665,http://virgodb.cosma.dur.ac.uk/eagle-webstorage/RecalL0025N0752_Subhalo/galface_1642717.png,48690225000.0,0.08134096248831424,6.108118,120.428505,52225176.0,1.829843,galface_1642717.png,RecalL0025N0752galface_1642717.png,C:\Users\Melissa\Dropbox\Melissa Seabrook Masters' Project\formation_of_galactic_bulges\galaxyimagebinRecalL0025N0752/RecalL0025N0752galface_1642717.png,0.24059122642686867,0.5200784463616082,1.1723117705623343,1.0083552034771446,1.0393608611295486,0.9583451628543033,1.0419826382458486,1.0419826382458486,0.00014748975859079939,4.527454236510011,0.5105468629851333,0.0003294675768648919,0.0038983100271972573,0.00442527528825638,159,67.05863189697266,16.133718490600586,4355.458661143143,2265.180173679536,0.37301719678567385,0.06302233785390854,1.4372859423735365,125.3076923076923,64.64285714285714,0.16932861569839913
63,63,2.220446e-16,0.018851776,http://virgodb.cosma.dur.ac.uk/eagle-webstorage/RecalL0025N0752_Subhalo/galface_1343568.png,50541593000.0,0.02745099260820916,11.5379305,124.7383,87139520.0,0.17997177,galface_1343568.png,RecalL0025N0752galface_1343568.png,C:\Users\Melissa\Dropbox\Melissa Seabrook Masters' Project\formation_of_galactic_bulges\galaxyimagebinRecalL0025N0752/RecalL0025N0752galface_1343568.png,0.255512060380536,0.7956211032923756,1.332216535976749,1.00733750659223,1.5411037685527724,0.9118498995521577,1.5108656767697266,1.5108656767697266,0.0010385827243534847,13.643882725901774,2.2250872922746723,0.002415017726397954,0.008766987879555337,0.009684738412010336,24,74.51519775390625,19.039531707763672,2468.344797956694,1963.8672114563008,0.48972190238237023,0.07437317073345184,1.541042901455523,121.32967032967034,59.67032967032967,0.14930196318266492
64,64,2.220446e-16,0.031299606,http://virgodb.cosma.dur.ac.uk/eagle-webstorage/RecalL0025N0752_Subhalo/galface_1318041.png,51784892000.0,-0.04777563801065776,2.5799186,138.34192,61858000.0,0.14782065,galface_1318041.png,RecalL0025N0752galface_1318041.png,C:\Users\Melissa\Dropbox\Melissa Seabrook Masters' Project\formation_of_galactic_bulges\galaxyimagebinRecalL0025N0752/RecalL0025N0752galface_1318041.png,0.296199675765045,0.6910434407855125,1.3974381722125817,1.4777083419484285,1.9244204199854615,1.2365060126293936,2.1068201469072707,2.1068201469072707,0.0008018678678496576,36.70092451947347,9.356673776355288,0.0010685018614023714,0.056171501208471454,0.03976708593332848,35,53.38117980957031,15.811488151550293,1956.3281092829257,1351.907707944289,0.5473634588748592,0.06176362559199333,1.6323855893823032,122.32417582417582,57.681318681318686,0.16946378174677484
65,65,2.220446e-16,0.02565914,http://virgodb.cosma.dur.ac.uk/eagle-webstorage/RecalL0025N0752_Subhalo/galface_1515368.png,53140783000.0,0.5325620663140793,3.2759017999999998,134.25224,61346144.0,0.20475665,galface_1515368.png,RecalL0025N0752galface_1515368.png,C:\Users\Melissa\Dropbox\Melissa Seabrook Masters' Project\formation_of_galactic_bulges\galaxyimagebinRecalL0025N0752/RecalL0025N0752galface_1515368.png,0.3179841620497005,0.6971492474099446,1.5014340711945524,1.5635372609041869,1.909207033116602,1.356670869812666,1.8088646127624668,1.8088646127624668,0.0002290677931407391,19.306018712414012,6.440687028183094,0.00030003540559054144,0.04522467197225904,0.0,16,51.02480697631836,16.225080490112305,2318.8492474055183,1616.5840076858735,0.5219531254701852,0.06337922066450119,1.6323855893823032,122.32417582417582,57.681318681318686,0.1309898828858487
66,66,2.220446e-16,0.025364287000000003,http://virgodb.cosma.dur.ac.uk/eagle-webstorage/RecalL0025N0752_Subhalo/galface_1623194.png,54781610000.0,0.503736749792433,3.4330912000000002,138.65451000000002,45975650.0,0.868432,galface_1623194.png,RecalL0025N0752galface_1623194.png,C:\Users\Melissa\Dropbox\Melissa Seabrook Masters' Project\formation_of_galactic_bulges\galaxyimagebinRecalL0025N0752/RecalL0025N0752galface_1623194.png,0.30334890018359517,0.5819356080145002,2.0946105035649825,1.9999999999999998,0.010000000000000002,2.238236238708789,0.008903170955441141,0.008903170955441141,0.0004535146242900656,33.40998868598491,1.3329907396802972e+16,0.003446661315557452,23858155463265.598,0.0,28,55.97736740112305,16.98067283630371,3253.2075356355826,1893.1573052474464,0.47723610086383517,0.06633075326681137,1.9190768299021563,120.33516483516483,49.72527472527473,0.13810459788538568
67,67,2.220446e-16,0.022943176000000003,http://virgodb.cosma.dur.ac.uk/eagle-webstorage/RecalL0025N0752_Subhalo/galface_1230232.png,57717748000.0,0.4059094960483899,4.2365165000000005,142.26625,91227660.0,0.23748736,galface_1230232.png,RecalL0025N0752galface_1230232.png,C:\Users\Melissa\Dropbox\Melissa Seabrook Masters' Project\formation_of_galactic_bulges\galaxyimagebinRecalL0025N0752/RecalL0025N0752galface_1230232.png,0.3220123857663271,0.6402674547853248,1.771587766891852,1.7774162731579577,0.9846387901346751,1.5774782788085808,1.0954988887646442,1.0954988887646442,0.0002477723039351517,24.9181483943969,2.2011622236912083,0.00041714279974384045,0.038954326297953694,0.0,3,54.701560974121094,17.614580154418945,2748.9192590940597,1760.0435374305143,0.5121991611394959,0.068806953728199,1.6877341474487182,123.31868131868131,56.68681318681319,0.12729145761530522
68,68,2.220446e-16,0.014447963999999999,http://virgodb.cosma.dur.ac.uk/eagle-webstorage/RecalL0025N0752_Subhalo/galface_1809568.png,58857513000.0,0.025393464586648817,25.603714,147.6508,339743580.0,1.436591,galface_1809568.png,RecalL0025N0752galface_1809568.png,C:\Users\Melissa\Dropbox\Melissa Seabrook Masters' Project\formation_of_galactic_bulges\galaxyimagebinRecalL0025N0752/RecalL0025N0752galface_1809568.png,0.2527710064033836,0.48623832623595875,1.276422003993671,1.044402212432884,1.0079493416758374,0.9949041965930342,1.126930160929682,1.126930160929682,0.0001667617140918053,5.21316845045906,0.5057855420187561,0.00048420474613214426,0.0019871133089105542,0.0018552275793153256,109,69.4587173461914,17.55714988708496,5080.777549078492,2470.4687714411625,0.3693395280726573,0.06858261674642563,1.5398942780965452,125.3076923076923,61.65934065934066,0.12787264664562206
69,69,2.220446e-16,0.022403775,http://virgodb.cosma.dur.ac.uk/eagle-webstorage/RecalL0025N0752_Subhalo/galface_1397598.png,70200330000.0,0.35941736140742664,6.957687400000001,150.13291999999998,87483464.0,3.448414,galface_1397598.png,RecalL0025N0752galface_1397598.png,C:\Users\Melissa\Dropbox\Melissa Seabrook Masters' Project\formation_of_galactic_bulges\galaxyimagebinRecalL0025N0752/RecalL0025N0752galface_1397598.png,0.3095634944336581,0.5733359988527377,1.4357134263330236,1.2429451137914918,0.7851383136869602,1.1674433920291036,0.9168975354966047,0.9168975354966047,0.0001971257389818312,9.636655978263418,0.49590488823851125,0.0005637595705874935,0.002037700786423315,0.00156686300185154,9,61.05744934082031,18.90115737915039,4929.7821930691825,2826.4215977897593,0.4438500194350829,0.07383264601230621,1.6146591855590549,121.33333333333333,57.68306010928962,0.1673061202022748
70,70,2.220446e-16,0.02410817,http://virgodb.cosma.dur.ac.uk/eagle-webstorage/RecalL0025N0752_Subhalo/galface_1185365.png,71205994000.0,0.329677330678525,5.113566400000001,146.6659,90367460.0,0.025530169,galface_1185365.png,RecalL0025N0752galface_1185365.png,C:\Users\Melissa\Dropbox\Melissa Seabrook Masters' Project\formation_of_galactic_bulges\galaxyimagebinRecalL0025N0752/RecalL0025N0752galface_1185365.png,0.3551805858717177,0.7184652596302488,1.3240123843476042,1.195854352810472,1.450321902159781,1.054503263764356,1.5506772701978822,1.5506772701978822,0.0005200814987772706,66.58528160701363,1.0657771920156753,0.0005964722770138533,0.0063322796264342965,0.006151938563334045,8,50.75687026977539,18.027854919433594,2763.1373855293646,1985.2182190884016,0.5448204639136783,0.07042130827903748,1.576352173892957,123.31868131868131,59.67032967032967,0.12590377586086213
