,Unnamed: 0,z,Z,face,mass,DiscToTotal,HalfMassRadius,VelDisp,BHmass,SFR,name1,filename,image,bthradius,bthintensity,n_total,n_haloa,n_bulgea,n_halo,n_bulge,n_bulge_exp,n_total_error,n_haloa_error,n_bulgea_error,n_halo_error,n_bulge_error,n_bulge_exp_error,star_count,haloradius,bulgeradius,halo_intensity,bulge_intensity,btotalintensity,btotalradius
0,0,2.220446e-16,0.01593308,http://virgodb.cosma.dur.ac.uk/eagle-webstorage/RecalL0025N0752_Subhalo/galface_971267.png,10051157000.0,0.5923171453743077,6.3165154,70.62631,2449352.8,0.77674705,galface_971267.png,RecalL0025N0752galface_971267.png,C:\Users\Melissa\Dropbox\Melissa Seabrook Masters' Project\formation_of_galactic_bulges\galaxyimagebinRecalL0025N0752/RecalL0025N0752galface_971267.png,0.13597507107786616,0.328637487375491,0.8753273878464813,0.48420854496530424,0.280722962225859,0.657150543681877,0.5344513228333994,0.5344513228333994,0.00042320175200032107,0.07253919406466892,0.06605552569718351,0.0005336377808809432,0.009412485930463852,0.0,67,76.52433013916016,10.405401229858398,5552.631533886774,1824.8028756184679,0.28061476432817084,0.04064609855413437
1,1,2.220446e-16,0.02203542,http://virgodb.cosma.dur.ac.uk/eagle-webstorage/RecalL0025N0752_Subhalo/galface_1033394.png,10099614000.0,0.2627137698379327,1.8267650000000002,74.22707,4040950.2,0.5385541,galface_1033394.png,RecalL0025N0752galface_1033394.png,C:\Users\Melissa\Dropbox\Melissa Seabrook Masters' Project\formation_of_galactic_bulges\galaxyimagebinRecalL0025N0752/RecalL0025N0752galface_1033394.png,0.18258916517922336,0.6454967006314623,1.4637018348575817,0.8978564161972771,0.49120223249914285,1.361446659572564,2.6502361942633526,2.6502361942633526,0.0034685133637255157,1.3890552221784276,0.11883390116724396,0.017875745773649192,56.55846702386375,0.015116033540252278,65,72.62092590332031,13.259794235229492,2578.8193551969584,1664.6193853041916,0.48200976282232705,0.051796071231365204
2,2,2.220446e-16,0.016808622,http://virgodb.cosma.dur.ac.uk/eagle-webstorage/RecalL0025N0752_Subhalo/galface_950105.png,10503151000.0,0.4940024053314816,3.1080685000000003,73.2605,1855553.0,1.1127219,galface_950105.png,RecalL0025N0752galface_950105.png,C:\Users\Melissa\Dropbox\Melissa Seabrook Masters' Project\formation_of_galactic_bulges\galaxyimagebinRecalL0025N0752/RecalL0025N0752galface_950105.png,0.185455585822413,0.43699699252749297,1.1585327124382538,0.6141571076763923,0.3782032447629298,0.964021559644291,0.4805582992011797,0.4805582992011797,0.0009842646113108848,0.4136404549957814,0.07395972747873833,0.005514913895172645,0.016932168424081365,0.025125092636278656,75,68.7369384765625,12.747649192810059,4426.242799534874,1934.254791593211,0.38489137877895746,0.04979550465941429
3,3,2.220446e-16,0.0112411,http://virgodb.cosma.dur.ac.uk/eagle-webstorage/RecalL0025N0752_Subhalo/galface_789657.png,10769044000.0,0.4221701745379094,10.126999,74.02821,682009.0,2.4336564999999997,galface_789657.png,RecalL0025N0752galface_789657.png,C:\Users\Melissa\Dropbox\Melissa Seabrook Masters' Project\formation_of_galactic_bulges\galaxyimagebinRecalL0025N0752/RecalL0025N0752galface_789657.png,0.1966267877949329,0.6497371389023944,1.534992237785347,1.3991605630558188,0.19952733312818993,1.8348527077399446,4.0,4.0,0.0021146007558786087,27.407399210111475,1.0004020353159009,0.02102610725338827,0.0,2.4046848959915104,71,82.00619506835938,16.124614715576172,3884.5666923388285,2523.947248555768,0.41135575942848085,0.06298677623271942
4,4,2.220446e-16,0.016895300000000002,http://virgodb.cosma.dur.ac.uk/eagle-webstorage/RecalL0025N0752_Subhalo/galface_697075.png,10813851000.0,0.6317563449150654,4.484118,72.945076,2175677.8,1.0821466,galface_697075.png,RecalL0025N0752galface_697075.png,C:\Users\Melissa\Dropbox\Melissa Seabrook Masters' Project\formation_of_galactic_bulges\galaxyimagebinRecalL0025N0752/RecalL0025N0752galface_697075.png,0.14663367167651675,0.37337492684743123,0.9922076571344833,0.5079763336668852,0.4976864357036813,0.7645637736674883,0.7501187644775292,0.7501187644775292,0.0013301025344882639,0.12825878286512862,0.1442152912850922,0.0014697746266074437,0.012913431597428703,58566.3210193941,104,76.6277084350586,11.236202239990234,4482.916490971512,1673.8086168796315,0.33042111388120693,0.04389141499996185
5,5,2.220446e-16,0.018719481,http://virgodb.cosma.dur.ac.uk/eagle-webstorage/RecalL0025N0752_Subhalo/galface_924755.png,10890967000.0,0.6046255121266044,4.088323,72.19497,732329.4,0.7303419,galface_924755.png,RecalL0025N0752galface_924755.png,C:\Users\Melissa\Dropbox\Melissa Seabrook Masters' Project\formation_of_galactic_bulges\galaxyimagebinRecalL0025N0752/RecalL0025N0752galface_924755.png,0.172967216871526,0.43198088184513184,1.3433555437474818,1.0398939285089157,0.3857844008376975,1.236171489638476,0.38005248155966964,0.38005248155966964,0.0011008475326545859,2.1209996755596072,0.21640296097273892,0.0013075182856532388,0.023915210395206533,0.0027669957510502094,77,72.67736053466797,12.57080078125,4517.462851996501,1951.4575865080728,0.32663078659129674,0.04910469055175781
6,6,2.220446e-16,0.01917366,http://virgodb.cosma.dur.ac.uk/eagle-webstorage/RecalL0025N0752_Subhalo/galface_955249.png,10925215000.0,0.6177685691555361,4.9083223,69.59666999999999,686290.75,0.45169637,galface_955249.png,RecalL0025N0752galface_955249.png,C:\Users\Melissa\Dropbox\Melissa Seabrook Masters' Project\formation_of_galactic_bulges\galaxyimagebinRecalL0025N0752/RecalL0025N0752galface_955249.png,0.21897075077636863,0.4870862559760526,1.5052516911315794,1.2782366038810467,0.16675338710718707,1.4938045865492071,0.07330516297337583,0.07330516297337583,0.0009336305067400568,8.342066945370535,0.10347363087999148,0.002035225059028821,0.014191133062767768,0.0005627713084887913,54,65.64453125,14.374232292175293,4735.95593875497,2306.8190466757096,0.3651549251500797,0.05614934489130974
7,7,2.220446e-16,0.020258628,http://virgodb.cosma.dur.ac.uk/eagle-webstorage/RecalL0025N0752_Subhalo/galface_929556.png,11192997000.0,0.2392135981279253,3.025543,79.06789,7246551.0,0.37377185,galface_929556.png,RecalL0025N0752galface_929556.png,C:\Users\Melissa\Dropbox\Melissa Seabrook Masters' Project\formation_of_galactic_bulges\galaxyimagebinRecalL0025N0752/RecalL0025N0752galface_929556.png,0.1940687519581077,0.5406726919383945,1.4966971023639968,1.1974088135983378,0.29209484952703646,2.174990451749784,4.0,4.0,0.0020214446787616114,2.4035354642893525,0.1428645470143849,0.04577305001732041,0.0,0.000903082093688623,33,69.54913330078125,13.497313499450684,3272.8062521348943,1769.5169665345811,0.466241468709611,0.05272388085722923
8,8,2.220446e-16,0.020322498,http://virgodb.cosma.dur.ac.uk/eagle-webstorage/RecalL0025N0752_Subhalo/galface_959840.png,11710979000.0,0.4641904239406261,3.3265915,76.03416,2530905.2,0.8099814999999999,galface_959840.png,RecalL0025N0752galface_959840.png,C:\Users\Melissa\Dropbox\Melissa Seabrook Masters' Project\formation_of_galactic_bulges\galaxyimagebinRecalL0025N0752/RecalL0025N0752galface_959840.png,0.3216695780139575,0.6443475205577973,1.8861708373774182,1.9999999999999998,0.23274651320383738,9.999999999999819,0.14982855071946002,0.14982855071946002,0.006050768208593471,201.89181888207798,0.7281617156162221,216.5674260886986,0.07009658892060365,0.00037707367937596365,14,49.485130310058594,15.917860984802246,3001.078386007865,1933.737417023764,0.5631483538055101,0.062179144471883774
9,9,2.220446e-16,0.019762667,http://virgodb.cosma.dur.ac.uk/eagle-webstorage/RecalL0025N0752_Subhalo/galface_907304.png,11939100000.0,0.5951749246570408,3.5904214,73.90108000000001,1527795.9,1.0577374,galface_907304.png,RecalL0025N0752galface_907304.png,C:\Users\Melissa\Dropbox\Melissa Seabrook Masters' Project\formation_of_galactic_bulges\galaxyimagebinRecalL0025N0752/RecalL0025N0752galface_907304.png,0.13919653277184707,0.6072167048284952,1.5162795759196954,1.2651601831402495,9.999999914670424,1.9172072719531157,4.0,4.0,0.0038333991588667556,2.1978334871420317,1944550.0487928668,0.015076001548275686,0.0,0.0006957572171742564,67,101.66252899169922,14.151071548461914,2946.6509599357573,1789.2556861719129,0.43112088828086437,0.05527762323617935
10,10,2.220446e-16,0.015594018000000001,http://virgodb.cosma.dur.ac.uk/eagle-webstorage/RecalL0025N0752_Subhalo/galface_860575.png,11983219000.0,0.5150973999615663,5.704394000000001,72.17394,2418121.0,1.0556958,galface_860575.png,RecalL0025N0752galface_860575.png,C:\Users\Melissa\Dropbox\Melissa Seabrook Masters' Project\formation_of_galactic_bulges\galaxyimagebinRecalL0025N0752/RecalL0025N0752galface_860575.png,0.1560641436162115,0.38486784959383386,1.128074530221967,0.9141411253548138,0.45054065958828465,0.9340764026807733,0.7576959251343778,0.7576959251343778,0.0008628433842536496,1.2708295396160147,0.29052784925820774,0.0006629611702689233,0.02283245306335436,0.042157810706286665,142,76.42345428466797,11.926960945129395,4611.306802934838,1774.743733062948,0.2818237136881642,0.0465896911919117
11,11,2.220446e-16,0.015221547,http://virgodb.cosma.dur.ac.uk/eagle-webstorage/RecalL0025N0752_Subhalo/galface_659536.png,12033460000.0,0.8616194615681014,7.983963,70.18122,1130577.0,1.2183388000000002,galface_659536.png,RecalL0025N0752galface_659536.png,C:\Users\Melissa\Dropbox\Melissa Seabrook Masters' Project\formation_of_galactic_bulges\galaxyimagebinRecalL0025N0752/RecalL0025N0752galface_659536.png,0.0,0.0,0.0,0.0,0.0,0.0,0.0,0.0,0.0,0.0,0.0,0.0,0.0,0.0,91,80.52272033691406,0.0,8188.330718392213,0.0,0.0,0.0
12,12,2.220446e-16,0.021662762000000002,http://virgodb.cosma.dur.ac.uk/eagle-webstorage/RecalL0025N0752_Subhalo/galface_4938.png,12150559000.0,0.5639575649750871,2.884089,74.05731999999999,1809530.5,0.10852761,galface_4938.png,RecalL0025N0752galface_4938.png,C:\Users\Melissa\Dropbox\Melissa Seabrook Masters' Project\formation_of_galactic_bulges\galaxyimagebinRecalL0025N0752/RecalL0025N0752galface_4938.png,0.2465952204785823,0.5684081287690655,1.5811798707467535,1.3674917201841337,9.999999999998906,5.915264658456438,4.0,4.0,0.004156676619932839,5.072862713845289,402822823.47795886,2.5083700382533216,0.0,0.0009206755061900686,4,57.14573669433594,14.091865539550781,3469.5775856013775,1972.1361030507712,0.5012568576324425,0.05504634976387024
13,13,2.220446e-16,0.019973444,http://virgodb.cosma.dur.ac.uk/eagle-webstorage/RecalL0025N0752_Subhalo/galface_892497.png,12255856000.0,0.4722111464689708,3.0687043999999997,79.76379399999999,10774260.0,0.26638192,galface_892497.png,RecalL0025N0752galface_892497.png,C:\Users\Melissa\Dropbox\Melissa Seabrook Masters' Project\formation_of_galactic_bulges\galaxyimagebinRecalL0025N0752/RecalL0025N0752galface_892497.png,0.21531545345390246,0.5352317977214318,1.326262236182101,0.7147776536250817,0.8433782664990646,2.1517822445475403,4.0,4.0,0.0031316197051989244,0.38077623527663035,0.90564651220105,0.09597253374130639,0.0,649003801184.6373,18,58.47663116455078,12.590922355651855,2239.2682199417177,1198.5275549398762,0.4819554636994222,0.04918329045176506
14,14,2.220446e-16,0.01792941,http://virgodb.cosma.dur.ac.uk/eagle-webstorage/RecalL0025N0752_Subhalo/galface_51604.png,12386778000.0,0.6641374104858352,4.828517,70.82770500000001,1432421.5,1.7298837,galface_51604.png,RecalL0025N0752galface_51604.png,C:\Users\Melissa\Dropbox\Melissa Seabrook Masters' Project\formation_of_galactic_bulges\galaxyimagebinRecalL0025N0752/RecalL0025N0752galface_51604.png,0.14712065436078983,0.3604960339194676,1.194549573272813,0.7952938432267201,0.4887143629626598,1.0967180975654394,1.0009312376641526,1.0009312376641526,0.0012832557866314666,1.0105406834384976,0.26798791662187404,0.002457241589421518,0.24155363787311396,0.021738554150882546,111,70.76407623291016,10.410857200622559,4618.906123043543,1665.0973384035415,0.28520254283007035,0.04066741093993187
15,15,2.220446e-16,0.014031084,http://virgodb.cosma.dur.ac.uk/eagle-webstorage/RecalL0025N0752_Subhalo/galface_809082.png,12575322000.0,0.2773101712413796,10.414703999999999,82.14294,1490043.4,3.3582354,galface_809082.png,RecalL0025N0752galface_809082.png,C:\Users\Melissa\Dropbox\Melissa Seabrook Masters' Project\formation_of_galactic_bulges\galaxyimagebinRecalL0025N0752/RecalL0025N0752galface_809082.png,0.19503143777280924,0.47439667552638876,1.1822617553404142,0.766798318118862,0.43038675219644773,0.9020141583062576,0.5574748928739612,0.5574748928739612,0.001808082823038726,6.707112687831491,0.32352472591325065,0.005797552265556528,0.013196070912966906,0.01948486552548836,175,78.47621154785156,15.305328369140625,4861.7677487152405,2306.4064571719255,0.31445070193723496,0.059786438941955566
16,16,2.220446e-16,0.021107732999999997,http://virgodb.cosma.dur.ac.uk/eagle-webstorage/RecalL0025N0752_Subhalo/galface_917940.png,12947725000.0,0.7171663920383866,3.4028160000000005,77.42498,1775243.8,0.9086927,galface_917940.png,RecalL0025N0752galface_917940.png,C:\Users\Melissa\Dropbox\Melissa Seabrook Masters' Project\formation_of_galactic_bulges\galaxyimagebinRecalL0025N0752/RecalL0025N0752galface_917940.png,0.194885391461231,0.49988926880876666,1.3168581647917201,1.1408650207593558,0.34344036067218753,1.0848223635813645,0.6137025299858259,0.6137025299858259,0.0010507527014441966,7.327472294691823,0.1038325183057821,0.0006431136267900266,0.012803450122150794,0.008592939177874473,122,66.35813903808594,12.932231903076172,3871.442065991733,1935.2923436041085,0.3139774180593131,0.050516530871391296
17,17,2.220446e-16,0.019577821999999998,http://virgodb.cosma.dur.ac.uk/eagle-webstorage/RecalL0025N0752_Subhalo/galface_886392.png,13111634000.0,0.3551474545038269,3.7677307,78.44726,4336659.5,0.7902942,galface_886392.png,RecalL0025N0752galface_886392.png,C:\Users\Melissa\Dropbox\Melissa Seabrook Masters' Project\formation_of_galactic_bulges\galaxyimagebinRecalL0025N0752/RecalL0025N0752galface_886392.png,0.17959839194901772,0.45535944912130333,1.1982293820905283,0.8730087311385646,0.35776894998708914,0.9031535286410578,0.5218687147865285,0.5218687147865285,0.0011462139395465754,1.7679891650732522,0.06696970072734407,0.0006774620128204975,0.005357584160232994,0.006857665035111024,108,70.9786376953125,12.747649192810059,4107.303986061268,1870.2996804665922,0.3386662328225531,0.04979550465941429
18,18,2.220446e-16,0.024486308999999998,http://virgodb.cosma.dur.ac.uk/eagle-webstorage/RecalL0025N0752_Subhalo/galface_833288.png,13250019000.0,0.6452039586172235,1.8943385,81.010475,6106908.5,0.59367645,galface_833288.png,RecalL0025N0752galface_833288.png,C:\Users\Melissa\Dropbox\Melissa Seabrook Masters' Project\formation_of_galactic_bulges\galaxyimagebinRecalL0025N0752/RecalL0025N0752galface_833288.png,0.17959760063255684,0.557478424062573,1.4495114983828834,1.091153807359589,0.566437194737068,1.1688815821985041,0.6427572203660274,0.6427572203660274,0.004688503706011449,2.930947718480041,0.33217077220001867,0.0020991282442299228,0.03283522686639454,0.0190415629829798,65,75.7925796508789,13.612165451049805,2868.329595716128,1599.031862711864,0.4504742780821885,0.0531725212931633
19,19,2.220446e-16,0.018259035,http://virgodb.cosma.dur.ac.uk/eagle-webstorage/RecalL0025N0752_Subhalo/galface_709787.png,13551484000.0,0.6192868233847348,5.737373000000001,84.33382399999999,2512928.0,1.6830375,galface_709787.png,RecalL0025N0752galface_709787.png,C:\Users\Melissa\Dropbox\Melissa Seabrook Masters' Project\formation_of_galactic_bulges\galaxyimagebinRecalL0025N0752/RecalL0025N0752galface_709787.png,0.11090989145353475,0.32831983785170044,1.1777716714445565,0.7649203062229316,0.3712967867160806,0.9446199112050815,0.6586588604262041,0.6586588604262041,0.001122967400844343,0.6769637900606106,0.11774613958922123,0.002186690032261365,0.0147091502911899,0.06101234225365765,129,94.21958923339844,10.449884414672852,5026.458502769016,1650.2860405974245,0.2713685657832171,0.040819860994815826
20,20,2.220446e-16,0.019084621,http://virgodb.cosma.dur.ac.uk/eagle-webstorage/RecalL0025N0752_Subhalo/galface_642129.png,13584497000.0,0.6947810531658751,5.2435849999999995,79.59165,1654445.1,1.3904504,galface_642129.png,RecalL0025N0752galface_642129.png,C:\Users\Melissa\Dropbox\Melissa Seabrook Masters' Project\formation_of_galactic_bulges\galaxyimagebinRecalL0025N0752/RecalL0025N0752galface_642129.png,0.14373626154615027,0.32825721397389596,0.9646810617216827,0.5962312044027401,0.46795340828996435,0.9003875480706726,9.999999999974142,9.999999999974142,0.0019798832777519343,0.24928217767695704,0.4429044837297344,0.002563378944519924,12880.391394349534,293798.5705995283,79,70.43684387207031,10.12432861328125,4963.95591852528,1629.4543401043402,0.2868657150193019,0.03954815864562988
21,21,2.220446e-16,0.017430674,http://virgodb.cosma.dur.ac.uk/eagle-webstorage/RecalL0025N0752_Subhalo/galface_754151.png,13952908000.0,0.6946117094564586,5.750483,77.57927,3713292.8,1.4327581,galface_754151.png,RecalL0025N0752galface_754151.png,C:\Users\Melissa\Dropbox\Melissa Seabrook Masters' Project\formation_of_galactic_bulges\galaxyimagebinRecalL0025N0752/RecalL0025N0752galface_754151.png,0.1836174654685655,0.4326443748753569,1.2676348201158985,0.8737058828335168,0.4110163677111488,0.9564499460064448,0.6618417811985561,0.6618417811985561,0.000794614491736501,5.893505479686322,0.16031108691354584,0.0015119824133911293,0.005861275432252725,0.0073371857058804274,140,66.27885437011719,12.169955253601074,4603.493039223482,1991.6753681979,0.29996637419044514,0.047538887709379196
22,22,2.220446e-16,0.016142643999999998,http://virgodb.cosma.dur.ac.uk/eagle-webstorage/RecalL0025N0752_Subhalo/galface_878368.png,14598747000.0,0.6183169055805271,6.2765580000000005,79.60713,1611158.8,2.3157200000000002,galface_878368.png,RecalL0025N0752galface_878368.png,C:\Users\Melissa\Dropbox\Melissa Seabrook Masters' Project\formation_of_galactic_bulges\galaxyimagebinRecalL0025N0752/RecalL0025N0752galface_878368.png,0.09707097216096713,0.18501347056570464,1.011791713693484,0.87639867626548,9.999999986639361,1.0275289018427571,4.0,4.0,0.0006257783269754316,0.36182292272081035,22644168.025681306,0.00047377958273483415,0.0,4.189231514869463e+38,93,69.29890441894531,6.726912021636963,6341.478894329233,1173.2590187590188,0.15147600140061024,0.026277000084519386
23,23,2.220446e-16,0.019744815,http://virgodb.cosma.dur.ac.uk/eagle-webstorage/RecalL0025N0752_Subhalo/galface_646493.png,14780843000.0,0.777138899178698,4.9448123,84.41445999999999,1138628.6,0.37246987,galface_646493.png,RecalL0025N0752galface_646493.png,C:\Users\Melissa\Dropbox\Melissa Seabrook Masters' Project\formation_of_galactic_bulges\galaxyimagebinRecalL0025N0752/RecalL0025N0752galface_646493.png,0.19752451597383566,0.42953828737882943,1.4398842238936798,1.3057256257457301,4.0,2.087231418810192,4.0,4.0,0.0018813472144818026,2.0852033722595613,0.0,0.0147512013972068,0.0,0.00048503100473816784,8,65.52491760253906,12.942777633666992,4446.544318926302,1909.9610315056675,0.36810586274441087,0.05055772513151169
24,24,2.220446e-16,0.023209319,http://virgodb.cosma.dur.ac.uk/eagle-webstorage/RecalL0025N0752_Subhalo/galface_912390.png,14965153000.0,0.5670928687472263,3.256752,86.929924,7567917.5,0.4729184,galface_912390.png,RecalL0025N0752galface_912390.png,C:\Users\Melissa\Dropbox\Melissa Seabrook Masters' Project\formation_of_galactic_bulges\galaxyimagebinRecalL0025N0752/RecalL0025N0752galface_912390.png,0.13899787886987175,0.4042456433593944,0.9903072266164388,0.6896126205808959,0.43417600161642494,0.8795733002050284,0.47096368332992605,0.47096368332992605,0.0016036636700911373,0.14655595790442813,0.11955214249707338,0.0005893370214123913,0.02016672638067222,0.046459627946738045,51,82.81395721435547,11.510964393615723,3650.6143181607745,1475.744933701919,0.3557925481123532,0.04496470466256142
25,25,2.220446e-16,0.016656958,http://virgodb.cosma.dur.ac.uk/eagle-webstorage/RecalL0025N0752_Subhalo/galface_746518.png,15302997000.0,0.5012489502131887,4.3223400000000005,82.22694399999999,3006527.2,4.37122,galface_746518.png,RecalL0025N0752galface_746518.png,C:\Users\Melissa\Dropbox\Melissa Seabrook Masters' Project\formation_of_galactic_bulges\galaxyimagebinRecalL0025N0752/RecalL0025N0752galface_746518.png,0.2428358140976568,0.4985662615660764,1.517137413022857,1.9999999999999998,0.11181573623244455,9.99999998049127,4.0,4.0,0.0018533863759865018,260.2848972223908,38.149423003439416,44.69926124248536,0.0,0.11928336102025565,72,63.73784255981445,15.47783088684082,5710.235590928582,2846.930811230818,0.41877595774727155,0.060460276901721954
26,26,2.220446e-16,0.013023905,http://virgodb.cosma.dur.ac.uk/eagle-webstorage/RecalL0025N0752_Subhalo/galface_1797050.png,15780059000.0,0.2020269035998763,6.423508999999999,89.44519,17390120.0,1.1389352,galface_1797050.png,RecalL0025N0752galface_1797050.png,C:\Users\Melissa\Dropbox\Melissa Seabrook Masters' Project\formation_of_galactic_bulges\galaxyimagebinRecalL0025N0752/RecalL0025N0752galface_1797050.png,0.2966973078274453,0.589912554899909,1.7484842907278295,1.9999999999999996,0.19623718013662686,8.024275525581356,4.0,4.0,0.001460588358806653,87.59116554347234,1.2260568336478497,3.907890614432355,0.0,3.254286688328527e+26,6,53.763946533203125,15.951618194580078,4111.780488763186,2425.590933313888,0.48261165708316106,0.06231100857257843
27,27,2.220446e-16,0.014319981,http://virgodb.cosma.dur.ac.uk/eagle-webstorage/RecalL0025N0752_Subhalo/galface_1266747.png,15807496000.0,0.12092430779792973,18.436375,100.0523,234929.3,1.8738074,galface_1266747.png,RecalL0025N0752galface_1266747.png,C:\Users\Melissa\Dropbox\Melissa Seabrook Masters' Project\formation_of_galactic_bulges\galaxyimagebinRecalL0025N0752/RecalL0025N0752galface_1266747.png,0.1689402664980233,0.3337520187169329,1.225005633084334,1.2418277940034241,4.0,1.6090782208981167,4.0,4.0,0.000826668765472347,6.989847091676598,0.0,0.007047362603987441,0.0,0.0016980800492764246,46,69.85027313232422,11.80052375793457,6343.503900785531,2117.1572326259093,0.2637479811775035,0.046095795929431915
28,28,2.220446e-16,0.017662922,http://virgodb.cosma.dur.ac.uk/eagle-webstorage/RecalL0025N0752_Subhalo/galface_763033.png,16193163000.0,0.6261017175155097,6.3302135,89.67209,3788242.5,0.9702982,galface_763033.png,RecalL0025N0752galface_763033.png,C:\Users\Melissa\Dropbox\Melissa Seabrook Masters' Project\formation_of_galactic_bulges\galaxyimagebinRecalL0025N0752/RecalL0025N0752galface_763033.png,0.20951470956364437,0.46628046636980125,1.1439139770320939,0.841405253687147,0.2774879446304253,0.8225454837141354,0.3955898590275974,0.3955898590275974,0.0004260083420429533,4.2086414336823905,0.04773336666498927,0.0003743541957622883,0.0012146929074440254,0.002658321271869076,121,63.5915412902832,13.323363304138184,4909.971715941417,2289.423901571697,0.2992674275910832,0.05204438790678978
29,29,2.220446e-16,0.021061167000000002,http://virgodb.cosma.dur.ac.uk/eagle-webstorage/RecalL0025N0752_Subhalo/galface_1557597.png,16374937000.0,0.4716273793116385,2.1312835,94.942314,644198300.0,0.07343443,galface_1557597.png,RecalL0025N0752galface_1557597.png,C:\Users\Melissa\Dropbox\Melissa Seabrook Masters' Project\formation_of_galactic_bulges\galaxyimagebinRecalL0025N0752/RecalL0025N0752galface_1557597.png,0.3240040177014812,0.7336333982852907,2.6304424186664273,1.9999999999999998,0.4778326077005351,3.7846174480744383,4.0,4.0,0.017736255277650374,186.97484048636804,1.1946486662070182,0.0723986788158567,0.0,0.00526089881635899,9,47.338802337646484,15.33796215057373,2215.004042200624,1625.0009426952993,0.5780049626864614,0.059913914650678635
30,30,2.220446e-16,0.023790357999999998,http://virgodb.cosma.dur.ac.uk/eagle-webstorage/RecalL0025N0752_Subhalo/galface_866129.png,16757427000.0,0.6729904219746479,1.9136294999999999,87.32021,15261476.0,0.12633601,galface_866129.png,RecalL0025N0752galface_866129.png,C:\Users\Melissa\Dropbox\Melissa Seabrook Masters' Project\formation_of_galactic_bulges\galaxyimagebinRecalL0025N0752/RecalL0025N0752galface_866129.png,0.2938250364888033,0.8214034775064937,2.683731130402583,1.9999999999999998,0.18262616626657718,9.99999999999999,4.0,4.0,0.010161471446785935,64.19989093229182,0.05928365543628146,4.414715326441328,0.0,0.0016749210194779403,0,50.7667236328125,14.916534423828125,2101.5549476818164,1726.2245421968214,0.5925189258416466,0.05826771259307861
31,31,2.220446e-16,0.017281816999999998,http://virgodb.cosma.dur.ac.uk/eagle-webstorage/RecalL0025N0752_Subhalo/galface_817104.png,16822366000.0,0.6562007175741672,5.952875,82.07669,5499465.0,2.4903455,galface_817104.png,RecalL0025N0752galface_817104.png,C:\Users\Melissa\Dropbox\Melissa Seabrook Masters' Project\formation_of_galactic_bulges\galaxyimagebinRecalL0025N0752/RecalL0025N0752galface_817104.png,0.1238198351121934,0.33242060066511264,1.1332911874245837,0.7783994638385642,0.33615071791596185,0.9213603151175679,0.38759000231032315,0.38759000231032315,0.0007308395562053639,0.5254459507022216,0.08235540076745755,0.001471866416017878,0.006710833600376172,0.012806633906321647,190,90.90802001953125,11.256216049194336,5861.541430779996,1948.49712324333,0.27801320190864875,0.043969593942165375
32,32,2.220446e-16,0.02074496,http://virgodb.cosma.dur.ac.uk/eagle-webstorage/RecalL0025N0752_Subhalo/galface_825807.png,17293883000.0,0.4050341747843291,4.2948403,83.89428000000001,7593567.5,1.6998967,galface_825807.png,RecalL0025N0752galface_825807.png,C:\Users\Melissa\Dropbox\Melissa Seabrook Masters' Project\formation_of_galactic_bulges\galaxyimagebinRecalL0025N0752/RecalL0025N0752galface_825807.png,0.12588553431011365,0.4226273380933212,1.2593131641212703,0.9534876305202622,0.4097170399688634,1.1417308387077232,0.7176143260692687,0.7176143260692687,0.001664081089525764,0.7051665731749571,0.5707391974806926,0.0011733300191494338,0.08319359506559676,0.02397761034024717,143,94.74449157714844,11.926960945129395,3884.3088385927654,1641.6151047868204,0.31386361833455134,0.0465896911919117
33,33,2.220446e-16,0.01636052,http://virgodb.cosma.dur.ac.uk/eagle-webstorage/RecalL0025N0752_Subhalo/galface_701288.png,17896090000.0,0.35232716265398045,6.7414380000000005,84.406525,13920364.0,1.1763643,galface_701288.png,RecalL0025N0752galface_701288.png,C:\Users\Melissa\Dropbox\Melissa Seabrook Masters' Project\formation_of_galactic_bulges\galaxyimagebinRecalL0025N0752/RecalL0025N0752galface_701288.png,0.19302796938580408,0.41969942970504376,1.128267945781472,0.8514127845142088,0.4510876354677174,0.8756766786358291,0.5239412446629035,0.5239412446629035,0.0010130640492727713,3.3546752904340895,0.4123054622296826,0.001062862988648182,0.006416586802939383,0.018633982417999156,136,65.0809555053711,12.562444686889648,4702.317677010459,1973.5600473332358,0.29339094159462664,0.04907204955816269
34,34,2.220446e-16,0.025452628999999997,http://virgodb.cosma.dur.ac.uk/eagle-webstorage/RecalL0025N0752_Subhalo/galface_610028.png,18309910000.0,0.5395110917481846,1.6386763,94.41458,21087186.0,0.16034442,galface_610028.png,RecalL0025N0752galface_610028.png,C:\Users\Melissa\Dropbox\Melissa Seabrook Masters' Project\formation_of_galactic_bulges\galaxyimagebinRecalL0025N0752/RecalL0025N0752galface_610028.png,0.2939831236400732,0.6722066305465209,2.5696554200914843,1.9999999999999998,1.18672018413108,9.075935063786783,4.0,4.0,0.008408802777288655,51.38844682132536,156.26439044080126,2.3765932164682604,0.0,0.00026456655267438145,1,48.519039154052734,14.263778686523438,2011.399950692136,1352.0763835361988,0.5460624243749187,0.05571788549423218
35,35,2.220446e-16,0.021772452,http://virgodb.cosma.dur.ac.uk/eagle-webstorage/RecalL0025N0752_Subhalo/galface_616717.png,18388167000.0,0.7353631084481508,3.6619565,89.66717,5915743.5,0.24700254,galface_616717.png,RecalL0025N0752galface_616717.png,C:\Users\Melissa\Dropbox\Melissa Seabrook Masters' Project\formation_of_galactic_bulges\galaxyimagebinRecalL0025N0752/RecalL0025N0752galface_616717.png,0.2723866719220499,0.526724459099558,1.3522654439882933,1.5552998876213446,4.0,9.999999999985393,4.0,4.0,0.003548328205248174,9.172084452326718,0.0,45.935945225578735,0.0,0.0018605727083240691,8,53.7139892578125,14.630974769592285,4025.5267881855834,2120.343420097832,0.4719388323496368,0.057152245193719864
36,36,2.220446e-16,0.014225453999999998,http://virgodb.cosma.dur.ac.uk/eagle-webstorage/RecalL0025N0752_Subhalo/galface_1785362.png,18594980000.0,0.503355833543987,10.633857,92.79753000000001,25779586.0,0.102983974,galface_1785362.png,RecalL0025N0752galface_1785362.png,C:\Users\Melissa\Dropbox\Melissa Seabrook Masters' Project\formation_of_galactic_bulges\galaxyimagebinRecalL0025N0752/RecalL0025N0752galface_1785362.png,0.2476841808564312,0.6741836357639941,1.6060631410580868,1.2941207056683661,0.4614543078257097,1.171363689709965,0.9511973027199535,0.9511973027199535,0.001462591886453612,23.0405355797659,0.11715542700344397,0.0013533765272623062,0.01955467759357599,0.010765514188074901,14,57.870643615722656,14.333642959594727,2884.0699735002763,1944.3927805321823,0.41979235236010365,0.0559907928109169
37,37,2.220446e-16,0.02275076,http://virgodb.cosma.dur.ac.uk/eagle-webstorage/RecalL0025N0752_Subhalo/galface_853401.png,19010083000.0,0.7718262651255898,3.2498074,84.82285999999999,9476027.0,0.8247564000000001,galface_853401.png,RecalL0025N0752galface_853401.png,C:\Users\Melissa\Dropbox\Melissa Seabrook Masters' Project\formation_of_galactic_bulges\galaxyimagebinRecalL0025N0752/RecalL0025N0752galface_853401.png,0.227938121355855,0.5112764706133508,1.429468200777614,1.2864190100747928,0.3364453347194464,1.3491246465532818,0.44822684073644625,0.44822684073644625,0.0009815594815101077,7.470878339814462,0.27711600405605014,0.001483679173313836,0.1328692342064299,0.0007466840387580409,93,61.00825881958008,13.906107902526855,3866.062421671873,1976.626750123299,0.3821265835755194,0.05432073399424553
38,38,2.220446e-16,0.018890733,http://virgodb.cosma.dur.ac.uk/eagle-webstorage/RecalL0025N0752_Subhalo/galface_793490.png,19232920000.0,0.7068434194133755,5.2958913,87.28749,1592105.0,1.3585818,galface_793490.png,RecalL0025N0752galface_793490.png,C:\Users\Melissa\Dropbox\Melissa Seabrook Masters' Project\formation_of_galactic_bulges\galaxyimagebinRecalL0025N0752/RecalL0025N0752galface_793490.png,0.14359278294442246,0.34464323831580307,1.1105263924280173,0.8073877010815118,0.4419847378144275,1.0002785858269116,0.8631114982752937,0.8631114982752937,0.0011457968173483604,0.48521099980721033,0.6950031335423204,0.0010139967949421395,0.15581723965277378,0.15497070930770548,145,80.16394805908203,11.510964393615723,5117.101285875631,1763.5743579541374,0.2871427862307096,0.04496470466256142
39,39,2.220446e-16,0.020319566,http://virgodb.cosma.dur.ac.uk/eagle-webstorage/RecalL0025N0752_Subhalo/galface_770934.png,19364436000.0,0.4351291452136629,4.3618517,90.58164000000001,20820514.0,0.78487146,galface_770934.png,RecalL0025N0752galface_770934.png,C:\Users\Melissa\Dropbox\Melissa Seabrook Masters' Project\formation_of_galactic_bulges\galaxyimagebinRecalL0025N0752/RecalL0025N0752galface_770934.png,0.20718013735902457,0.5052533485823731,1.3612170794984788,1.1326256495391869,0.4325140302000879,1.2136067086086129,0.6004147972896458,0.6004147972896458,0.0013636755472175115,6.0064439160874,0.07319401750802246,0.0008551189441132951,0.016178100262884965,0.006401328124737513,95,58.421714782714844,12.103818893432617,3048.0625286663085,1540.043799297108,0.35505609956904455,0.04728054255247116
40,40,2.220446e-16,0.015318896,http://virgodb.cosma.dur.ac.uk/eagle-webstorage/RecalL0025N0752_Subhalo/galface_1681524.png,21308115000.0,0.6093402128146163,3.7811660000000002,104.43887,33566230.0,1.590729,galface_1681524.png,RecalL0025N0752galface_1681524.png,C:\Users\Melissa\Dropbox\Melissa Seabrook Masters' Project\formation_of_galactic_bulges\galaxyimagebinRecalL0025N0752/RecalL0025N0752galface_1681524.png,0.18691741147833837,0.5133634017608819,1.5128601958020482,1.9999999999999998,4.0,5.721043888389139,4.0,4.0,0.0011797936131472278,45.62388707796399,0.0,1.8266595503211827,0.0,0.0004665942985131326,44,77.98888397216797,14.57748031616211,4604.823094193669,2363.9476481423317,0.43476410324453324,0.05694328248500824
41,41,2.220446e-16,0.016020635,http://virgodb.cosma.dur.ac.uk/eagle-webstorage/RecalL0025N0752_Subhalo/galface_1696892.png,21490014000.0,0.24812939438526796,3.4624455000000003,111.08613600000001,80683550.0,0.49061540000000003,galface_1696892.png,RecalL0025N0752galface_1696892.png,C:\Users\Melissa\Dropbox\Melissa Seabrook Masters' Project\formation_of_galactic_bulges\galaxyimagebinRecalL0025N0752/RecalL0025N0752galface_1696892.png,0.20587631485712332,0.5122156200660688,1.6083502864770383,1.224402946496001,0.26791242773739776,1.5308685381750333,0.14339031348784473,0.14339031348784473,0.0009858981602067448,6.307096552854341,0.030792875668769044,0.003575598227522869,0.013033416845816112,0.0004434325150348619,53,66.06671142578125,13.601571083068848,3886.295598826313,1990.621309912854,0.41869407466813136,0.053131137043237686
42,42,2.220446e-16,0.02041699,http://virgodb.cosma.dur.ac.uk/eagle-webstorage/RecalL0025N0752_Subhalo/galface_726306.png,22260697000.0,0.00669053095289629,3.8738822999999996,94.227806,14965625.0,1.3531555,galface_726306.png,RecalL0025N0752galface_726306.png,C:\Users\Melissa\Dropbox\Melissa Seabrook Masters' Project\formation_of_galactic_bulges\galaxyimagebinRecalL0025N0752/RecalL0025N0752galface_726306.png,0.29336528824115315,0.543336993425923,1.3615376399914267,1.9999999999999998,4.0,9.999999975441144,4.0,4.0,0.0023034233662591335,105.93886317744162,0.0,55.14753345406368,0.0,0.0016536606579973987,22,61.024986267089844,17.902612686157227,4719.833911833749,2564.460367125462,0.4594001209394807,0.06993208080530167
43,43,2.220446e-16,0.02537573,http://virgodb.cosma.dur.ac.uk/eagle-webstorage/RecalL0025N0752_Subhalo/galface_671241.png,22513230000.0,0.5830581869497806,1.7768615,101.04869000000001,22980152.0,0.7490871,galface_671241.png,RecalL0025N0752galface_671241.png,C:\Users\Melissa\Dropbox\Melissa Seabrook Masters' Project\formation_of_galactic_bulges\galaxyimagebinRecalL0025N0752/RecalL0025N0752galface_671241.png,0.3132281883066775,0.6404288459468709,2.8780216445749787,1.9999999999999998,0.18174902468362228,9.999999999999996,4.0,4.0,0.022106716579607985,235.6261365601787,3.0849023556168143,5.966789298320891,0.0,0.0011223920538386996,8,47.605247497558594,14.91130542755127,2449.5683162786145,1568.7742098623328,0.5162481283601892,0.05824728682637215
44,44,2.220446e-16,0.020668296000000003,http://virgodb.cosma.dur.ac.uk/eagle-webstorage/RecalL0025N0752_Subhalo/galface_846421.png,22567797000.0,0.8045442681059936,6.788192,92.612495,5784568.0,1.0453924,galface_846421.png,RecalL0025N0752galface_846421.png,C:\Users\Melissa\Dropbox\Melissa Seabrook Masters' Project\formation_of_galactic_bulges\galaxyimagebinRecalL0025N0752/RecalL0025N0752galface_846421.png,0.12862673089072793,0.38365520182098495,0.9082013617536865,0.63358157440492,0.41048882398672326,0.7672379913638049,1.8369614287957723,1.8369614287957723,0.0007207700482503498,0.214026880930621,0.059594412810330274,0.00033698477229414815,0.3936830299944294,2958.0152215776957,123,78.71092224121094,10.12432861328125,3531.5221784749833,1354.886854118104,0.28491799192302836,0.03954815864562988
45,45,2.220446e-16,0.027148138999999998,http://virgodb.cosma.dur.ac.uk/eagle-webstorage/RecalL0025N0752_Subhalo/galface_688091.png,22973825000.0,0.41103440909748346,1.3597819,104.45458,28675744.0,0.044194985,galface_688091.png,RecalL0025N0752galface_688091.png,C:\Users\Melissa\Dropbox\Melissa Seabrook Masters' Project\formation_of_galactic_bulges\galaxyimagebinRecalL0025N0752/RecalL0025N0752galface_688091.png,0.292969515225759,0.6996875536110875,2.7349522609271917,1.9999999999999998,0.7460833950331416,3.462022407602734,4.0,4.0,0.05079796670250911,140.4224602082059,3.6160117421311697,0.07347491837882297,0.0,0.007739997604358673,12,46.11181640625,13.509356498718262,1173.9389174910468,821.3904492681588,0.574082202271303,0.05277092382311821
46,46,2.220446e-16,0.018606555,http://virgodb.cosma.dur.ac.uk/eagle-webstorage/RecalL0025N0752_Subhalo/galface_1437151.png,24514628000.0,0.6623790311034895,5.5651054,100.31617,29696312.0,1.8403004,galface_1437151.png,RecalL0025N0752galface_1437151.png,C:\Users\Melissa\Dropbox\Melissa Seabrook Masters' Project\formation_of_galactic_bulges\galaxyimagebinRecalL0025N0752/RecalL0025N0752galface_1437151.png,0.14884847533852924,0.47892991519259354,1.0723481701163766,0.7991970683444093,0.5718576230971306,0.9581597326735534,0.8277427131183558,0.8277427131183558,0.0016377355737900215,1.0643783477941602,0.37551967188927476,0.0008722416381866399,0.09929540707192763,0.16054444580174204,148,74.58525848388672,11.10190200805664,2963.9445728637593,1419.521722917188,0.31895777362113087,0.04336680471897125
47,47,2.220446e-16,0.01941169,http://virgodb.cosma.dur.ac.uk/eagle-webstorage/RecalL0025N0752_Subhalo/galface_737885.png,25758130000.0,0.6769265434174371,8.494644000000001,97.633575,6283330.0,2.1638246,galface_737885.png,RecalL0025N0752galface_737885.png,C:\Users\Melissa\Dropbox\Melissa Seabrook Masters' Project\formation_of_galactic_bulges\galaxyimagebinRecalL0025N0752/RecalL0025N0752galface_737885.png,0.10772151206543769,0.271688641898184,0.6052798443852639,0.44862750439541865,0.20633679837707455,0.47766713912745223,0.43400156751789687,0.43400156751789687,0.0005717108313748218,0.13266180064324504,0.41546144252174977,0.00019816491522198275,0.008993284615967372,0.0,257,90.89747619628906,9.791613578796387,6009.0245320024915,1632.5837142326275,0.2012037573012875,0.038248490542173386
48,48,2.220446e-16,0.022226697000000004,http://virgodb.cosma.dur.ac.uk/eagle-webstorage/RecalL0025N0752_Subhalo/galface_1593757.png,28592847000.0,0.6062936213268477,5.5502257,104.44974,32533924.0,0.8268959000000001,galface_1593757.png,RecalL0025N0752galface_1593757.png,C:\Users\Melissa\Dropbox\Melissa Seabrook Masters' Project\formation_of_galactic_bulges\galaxyimagebinRecalL0025N0752/RecalL0025N0752galface_1593757.png,0.15935405915737458,0.52942501822123,1.1471724118336462,0.8999478296828859,0.6154326791219135,1.0402089372027945,1.221110117955647,1.221110117955647,0.0009094807668044236,0.9757460971141966,0.1396668358079708,0.0003433780410856657,0.04212769012344401,0.027457843942770326,107,69.99364471435547,11.15377140045166,2387.212295899976,1263.8499132547893,0.3466374276889961,0.0435694195330143
49,49,2.220446e-16,0.02108429,http://virgodb.cosma.dur.ac.uk/eagle-webstorage/RecalL0025N0752_Subhalo/galface_650554.png,29770949000.0,0.8146868950774627,6.6878147,97.58462,2035554.4,2.7400305,galface_650554.png,RecalL0025N0752galface_650554.png,C:\Users\Melissa\Dropbox\Melissa Seabrook Masters' Project\formation_of_galactic_bulges\galaxyimagebinRecalL0025N0752/RecalL0025N0752galface_650554.png,0.11926777814649035,0.2521302040757835,1.070136285368858,0.8376152260439083,0.5537400920013816,1.0724547248442329,9.999999802356259,9.999999802356259,0.0015954582009234642,0.5995404914015454,2.12833585597183,0.0010976804148931675,566302.0735576798,10.840648665839371,114,74.16926574707031,8.846003532409668,4676.889879761883,1179.1851998243303,0.19739699104381891,0.034554701298475266
50,50,2.220446e-16,0.03249043,http://virgodb.cosma.dur.ac.uk/eagle-webstorage/RecalL0025N0752_Subhalo/galface_780704.png,30751242000.0,0.6079901913184503,1.6632456000000002,117.04976,19998060.0,0.30235633,galface_780704.png,RecalL0025N0752galface_780704.png,C:\Users\Melissa\Dropbox\Melissa Seabrook Masters' Project\formation_of_galactic_bulges\galaxyimagebinRecalL0025N0752/RecalL0025N0752galface_780704.png,0.3171222824001291,0.6903665243330732,1.3649488587070306,1.5640975646282749,0.5295076959091454,1.342247739067046,1.9249828277104484,1.9249828277104484,0.0019695236688549458,39.081720231470186,0.7526280767476288,0.0005438367694525247,1.7871906025144724,0.094370456193885,42,43.836524963378906,13.901538848876953,1719.0667582860654,1186.7861430144742,0.4825528401924519,0.0543028861284256
51,51,2.220446e-16,0.020029511,http://virgodb.cosma.dur.ac.uk/eagle-webstorage/RecalL0025N0752_Subhalo/galface_1720071.png,32110428000.0,0.5452840148656595,5.6410236,102.30176999999999,36292424.0,1.3391118,galface_1720071.png,RecalL0025N0752galface_1720071.png,C:\Users\Melissa\Dropbox\Melissa Seabrook Masters' Project\formation_of_galactic_bulges\galaxyimagebinRecalL0025N0752/RecalL0025N0752galface_1720071.png,0.1496936910894559,0.40537060905430145,0.8260533380430612,0.6226718376753492,0.5603410670080535,0.7740107952213665,1.5998302966252382,1.5998302966252382,0.0007546308423547447,0.1691120131162379,0.16413530134481166,0.0002960355406250767,0.3502865193208292,2422.7412529988055,114,75.06129455566406,11.236202239990234,3168.5661443731115,1284.4435877733679,0.34555339555670556,0.04389141499996185
52,52,2.220446e-16,0.016542446000000002,http://virgodb.cosma.dur.ac.uk/eagle-webstorage/RecalL0025N0752_Subhalo/galface_1378064.png,32135940000.0,0.17619359449599592,9.419538000000001,111.830605,282566270.0,0.59004754,galface_1378064.png,RecalL0025N0752galface_1378064.png,C:\Users\Melissa\Dropbox\Melissa Seabrook Masters' Project\formation_of_galactic_bulges\galaxyimagebinRecalL0025N0752/RecalL0025N0752galface_1378064.png,0.11967399378017535,0.45190115261220043,1.3690939984403792,0.81447541029418,0.41546034142800387,1.0362586355896566,0.46440005428705056,0.46440005428705056,0.0006253923010661129,1.0348069129436026,0.0857214962792693,0.0057114624734255735,0.001383013622535548,0.0012472311918532548,80,122.02468872070312,14.603181838989258,5018.714014615968,2267.9626478359596,0.34613023683349947,0.05704367905855179
53,53,2.220446e-16,0.020145168999999997,http://virgodb.cosma.dur.ac.uk/eagle-webstorage/RecalL0025N0752_Subhalo/galface_621500.png,32420280000.0,0.6584161649889544,3.208525,113.60977,55283330.0,0.59316075,galface_621500.png,RecalL0025N0752galface_621500.png,C:\Users\Melissa\Dropbox\Melissa Seabrook Masters' Project\formation_of_galactic_bulges\galaxyimagebinRecalL0025N0752/RecalL0025N0752galface_621500.png,0.2997093802841762,0.5976810185654864,2.1945840499827467,1.9999999999999998,0.21447972476948948,9.999999999999517,4.0,4.0,0.0037240101500221174,62.13572645117984,1.3258327452862693,2.4912133605686315,0.0,0.13962439069930754,1,51.393192291259766,15.403021812438965,3460.5616469770357,2068.3120099738917,0.46978948422905503,0.060168053954839706
54,54,2.220446e-16,0.022054337,http://virgodb.cosma.dur.ac.uk/eagle-webstorage/RecalL0025N0752_Subhalo/galface_1298434.png,32549050000.0,0.03300913279580686,2.3401575,121.91673,56875210.0,0.0,galface_1298434.png,RecalL0025N0752galface_1298434.png,C:\Users\Melissa\Dropbox\Melissa Seabrook Masters' Project\formation_of_galactic_bulges\galaxyimagebinRecalL0025N0752/RecalL0025N0752galface_1298434.png,0.2738126025404378,0.7112024222485976,1.4738655000198364,1.3017391385794355,0.7805152230167735,1.4276660178303722,0.8481370123971608,0.8481370123971608,0.004637613227290813,21.62753368290145,1.4861430349517923,0.0013036616001265782,0.17813042824146633,0.04317231477874279,3,50.638736724853516,13.865524291992188,1878.2482133613512,1335.814678926694,0.49996701539962174,0.05416220426559448
55,55,2.220446e-16,0.018555013000000002,http://virgodb.cosma.dur.ac.uk/eagle-webstorage/RecalL0025N0752_Subhalo/galface_1757806.png,32898066000.0,0.8272344249102561,12.129424,108.091385,14308336.0,1.8502595000000002,galface_1757806.png,RecalL0025N0752galface_1757806.png,C:\Users\Melissa\Dropbox\Melissa Seabrook Masters' Project\formation_of_galactic_bulges\galaxyimagebinRecalL0025N0752/RecalL0025N0752galface_1757806.png,0.19325182354456233,0.3885842441749409,0.6207906907683909,0.5497699122204143,0.3324908647415323,0.5110478808603209,0.5018342465421071,0.5018342465421071,0.0006066943867621676,1.999547693795225,0.19530016499105907,0.0001817794537000612,0.005161261680084191,391793.02429055574,250,61.71719741821289,11.926960945129395,4724.620022218193,1835.9129003474493,0.2192625507577324,0.0465896911919117
56,56,2.220446e-16,0.026789697,http://virgodb.cosma.dur.ac.uk/eagle-webstorage/RecalL0025N0752_Subhalo/galface_1772612.png,35210860000.0,0.3855510745090289,5.1205110000000005,110.965645,34318108.0,2.7216854,galface_1772612.png,RecalL0025N0752galface_1772612.png,C:\Users\Melissa\Dropbox\Melissa Seabrook Masters' Project\formation_of_galactic_bulges\galaxyimagebinRecalL0025N0752/RecalL0025N0752galface_1772612.png,0.1290770123890652,0.32926954109083456,0.7764933304718736,0.6483097616094174,0.4464376669626548,0.7261942700688787,3.0237451208118014,3.0237451208118014,0.0009964171014355547,0.2743897911252627,0.3767241185884389,0.0003337844471174934,7.902736822782001,34144.111418792316,201,82.90064239501953,10.700567245483398,3644.846281460436,1200.1368624431125,0.2641289960738416,0.041799090802669525
57,57,2.220446e-16,0.018968488999999998,http://virgodb.cosma.dur.ac.uk/eagle-webstorage/RecalL0025N0752_Subhalo/galface_1608845.png,38594700000.0,0.7838699672271726,7.706573,113.14721999999999,3218937.8,6.5243,galface_1608845.png,RecalL0025N0752galface_1608845.png,C:\Users\Melissa\Dropbox\Melissa Seabrook Masters' Project\formation_of_galactic_bulges\galaxyimagebinRecalL0025N0752/RecalL0025N0752galface_1608845.png,0.0,0.0,0.0,0.0,0.0,0.0,0.0,0.0,0.0,0.0,0.0,0.0,0.0,0.0,35,64.73416900634766,0.0,8198.49211884306,0.0,0.0,0.0
58,58,2.220446e-16,0.018314808999999998,http://virgodb.cosma.dur.ac.uk/eagle-webstorage/RecalL0025N0752_Subhalo/galface_1488352.png,41894924000.0,0.0654306313834192,10.005852,118.03567,57434750.0,0.55341583,galface_1488352.png,RecalL0025N0752galface_1488352.png,C:\Users\Melissa\Dropbox\Melissa Seabrook Masters' Project\formation_of_galactic_bulges\galaxyimagebinRecalL0025N0752/RecalL0025N0752galface_1488352.png,0.21372787640442364,0.6073370013102207,1.3699519488148204,1.0000850786304987,0.7346452205090681,1.1672006475049455,1.2207386981103387,1.2207386981103387,0.002260482257837153,4.088693603304652,0.29581755702495505,0.001356316486301092,0.11408152546342071,0.01744330402053244,79,64.23883819580078,13.729630470275879,2441.1978989720374,1482.6298115664883,0.3886258707372269,0.05363136902451515
59,59,2.220446e-16,0.022895822000000003,http://virgodb.cosma.dur.ac.uk/eagle-webstorage/RecalL0025N0752_Subhalo/galface_1540783.png,43012500000.0,0.6453901691918543,5.1272435,115.57706,15364328.0,4.289949,galface_1540783.png,RecalL0025N0752galface_1540783.png,C:\Users\Melissa\Dropbox\Melissa Seabrook Masters' Project\formation_of_galactic_bulges\galaxyimagebinRecalL0025N0752/RecalL0025N0752galface_1540783.png,0.1575990952317621,0.3231489828622952,1.3082576601717786,1.137049739573824,0.2046695868982475,1.5278358939991272,4.0,4.0,0.001258069174569859,1.6070708509403906,8.523492694958982,0.0020253901816383087,0.0,0.0014997301290082627,122,69.52706909179688,10.957403182983398,5061.597844370682,1635.650195066372,0.2612103851658996,0.0428023561835289
60,60,2.220446e-16,0.027545077999999997,http://virgodb.cosma.dur.ac.uk/eagle-webstorage/RecalL0025N0752_Subhalo/galface_1454018.png,46508433000.0,0.050063658875086785,2.9151835,136.93153,482761150.0,0.07928023,galface_1454018.png,RecalL0025N0752galface_1454018.png,C:\Users\Melissa\Dropbox\Melissa Seabrook Masters' Project\formation_of_galactic_bulges\galaxyimagebinRecalL0025N0752/RecalL0025N0752galface_1454018.png,0.29718021893669166,0.6959094717928295,1.335516860361027,1.3212369102854844,0.7794319422189278,1.2901528614577333,1.2936003367808848,1.2936003367808848,0.004522655757993776,40.988341617276646,1.6698710548354518,0.001352014654091573,0.37603431571788476,0.1334240426819153,31,49.13914489746094,14.603181838989258,1819.4417138637994,1266.166722052797,0.4911343490022308,0.05704367905855179
61,61,2.220446e-16,0.025770646,http://virgodb.cosma.dur.ac.uk/eagle-webstorage/RecalL0025N0752_Subhalo/galface_1567250.png,48491475000.0,0.43775277055561457,3.40309,136.1888,1304622000.0,0.49394003,galface_1567250.png,RecalL0025N0752galface_1567250.png,C:\Users\Melissa\Dropbox\Melissa Seabrook Masters' Project\formation_of_galactic_bulges\galaxyimagebinRecalL0025N0752/RecalL0025N0752galface_1567250.png,0.2155564125190993,0.8345674122254615,1.598839499990564,1.2425055040673232,0.5388012113930912,1.5827739125846285,0.5419246881184225,0.5419246881184225,0.003976503917267025,5.482348725163866,0.28438619490066774,0.0014130960001438452,0.10921706565595907,0.027166362929659012,62,65.36155700683594,14.089102745056152,1811.3020466424944,1511.6536618251087,0.4665064077211657,0.055035557597875595
62,62,2.220446e-16,0.019645665,http://virgodb.cosma.dur.ac.uk/eagle-webstorage/RecalL0025N0752_Subhalo/galface_1642717.png,48690225000.0,0.08134096248831424,6.108118,120.428505,52225176.0,1.829843,galface_1642717.png,RecalL0025N0752galface_1642717.png,C:\Users\Melissa\Dropbox\Melissa Seabrook Masters' Project\formation_of_galactic_bulges\galaxyimagebinRecalL0025N0752/RecalL0025N0752galface_1642717.png,0.1964979499992548,0.44931266625807703,1.3563290548775202,1.1505345201868877,0.46934195796870554,1.2939767501474424,0.6086464437471647,0.6086464437471647,0.0011195908527483391,4.9012244221841135,0.337748427633264,0.0011511796156323275,0.1006594317966599,0.0021120176335393663,159,67.05863189697266,13.176883697509766,4355.458661143143,1956.96274381506,0.32376490902545113,0.05147220194339752
63,63,2.220446e-16,0.018851776,http://virgodb.cosma.dur.ac.uk/eagle-webstorage/RecalL0025N0752_Subhalo/galface_1343568.png,50541593000.0,0.02745099260820916,11.5379305,124.7383,87139520.0,0.17997177,galface_1343568.png,RecalL0025N0752galface_1343568.png,C:\Users\Melissa\Dropbox\Melissa Seabrook Masters' Project\formation_of_galactic_bulges\galaxyimagebinRecalL0025N0752/RecalL0025N0752galface_1343568.png,0.21409265427892046,0.7081926358512942,1.591429273606916,1.120979041789563,0.830171549479825,1.437264607124532,1.082788931809006,1.082788931809006,0.00661231777370824,13.203703422641432,1.3310898869913501,0.01810378438095071,0.5214910626934641,0.024786322992463684,24,74.51519775390625,15.953156471252441,2468.344797956694,1748.0636086547813,0.4359078001414351,0.06231701746582985
64,64,2.220446e-16,0.031299606,http://virgodb.cosma.dur.ac.uk/eagle-webstorage/RecalL0025N0752_Subhalo/galface_1318041.png,51784892000.0,-0.04777563801065776,2.5799186,138.34192,61858000.0,0.14782065,galface_1318041.png,RecalL0025N0752galface_1318041.png,C:\Users\Melissa\Dropbox\Melissa Seabrook Masters' Project\formation_of_galactic_bulges\galaxyimagebinRecalL0025N0752/RecalL0025N0752galface_1318041.png,0.2678930930779853,0.6526747855081021,2.126842973008453,1.6144203021583332,0.7328420662044866,2.298807905350372,9.999783691744565,9.999783691744565,0.018518466675156345,64.20031998848819,0.8755697908487656,0.024313586444246093,1320977.6160522508,0.005912211053292759,35,53.38117980957031,14.30044937133789,1956.3281092829257,1276.8460291097044,0.526762689546268,0.055861130356788635
65,65,2.220446e-16,0.02565914,http://virgodb.cosma.dur.ac.uk/eagle-webstorage/RecalL0025N0752_Subhalo/galface_1515368.png,53140783000.0,0.5325620663140793,3.2759017999999998,134.25224,61346144.0,0.20475665,galface_1515368.png,RecalL0025N0752galface_1515368.png,C:\Users\Melissa\Dropbox\Melissa Seabrook Masters' Project\formation_of_galactic_bulges\galaxyimagebinRecalL0025N0752/RecalL0025N0752galface_1515368.png,0.27733709125111855,0.6559756478420123,2.2236626031749265,1.9999999999999998,9.999999999999982,2.645003671310324,4.0,4.0,0.006594783403640259,30.357202797827565,28763417.585078284,0.0071726654915151246,0.0,0.002274484091600137,16,51.02480697631836,14.151071548461914,2318.8492474055183,1521.1086373147978,0.49044233515811475,0.05527762323617935
66,66,2.220446e-16,0.025364287000000003,http://virgodb.cosma.dur.ac.uk/eagle-webstorage/RecalL0025N0752_Subhalo/galface_1623194.png,54781610000.0,0.503736749792433,3.4330912000000002,138.65451000000002,45975650.0,0.868432,galface_1623194.png,RecalL0025N0752galface_1623194.png,C:\Users\Melissa\Dropbox\Melissa Seabrook Masters' Project\formation_of_galactic_bulges\galaxyimagebinRecalL0025N0752/RecalL0025N0752galface_1623194.png,0.24421456371079145,0.5175734883577867,1.811229676782969,1.8283289026688627,4.0,3.1657627773293644,4.0,4.0,0.002442347309540678,20.952219589842027,0.0,0.048699200881221004,0.0,0.0005566480607916087,28,55.97736740112305,13.670488357543945,3253.2075356355826,1683.7739725707472,0.4236242312008869,0.053400345146656036
67,67,2.220446e-16,0.022943176000000003,http://virgodb.cosma.dur.ac.uk/eagle-webstorage/RecalL0025N0752_Subhalo/galface_1230232.png,57717748000.0,0.4059094960483899,4.2365165000000005,142.26625,91227660.0,0.23748736,galface_1230232.png,RecalL0025N0752galface_1230232.png,C:\Users\Melissa\Dropbox\Melissa Seabrook Masters' Project\formation_of_galactic_bulges\galaxyimagebinRecalL0025N0752/RecalL0025N0752galface_1230232.png,0.2695508290767315,0.5743293458651023,2.4159917570731695,1.9999999999999998,1.0378617621816286,3.2680181844123966,4.0,4.0,0.005536547048688011,23.632995521036126,47155.531769007444,0.012194638675712945,0.0,0.0004700987420306608,3,54.701560974121094,14.744851112365723,2748.9192590940597,1578.784999911473,0.4599330118797876,0.057597074657678604
68,68,2.220446e-16,0.014447963999999999,http://virgodb.cosma.dur.ac.uk/eagle-webstorage/RecalL0025N0752_Subhalo/galface_1809568.png,58857513000.0,0.025393464586648817,25.603714,147.6508,339743580.0,1.436591,galface_1809568.png,RecalL0025N0752galface_1809568.png,C:\Users\Melissa\Dropbox\Melissa Seabrook Masters' Project\formation_of_galactic_bulges\galaxyimagebinRecalL0025N0752/RecalL0025N0752galface_1809568.png,0.20925439799439657,0.4312133203137261,1.3224723353626577,0.9633946714365544,0.531577792709864,1.2818718896897532,0.23420943045896228,0.23420943045896228,0.0007816172620036786,4.984867056537675,0.31106677141774275,0.002731946963022729,0.10865169531378079,0.0011077028648740564,109,69.4587173461914,14.534542083740234,5080.777549078492,2190.898956713572,0.3271067122927799,0.05677555501461029
69,69,2.220446e-16,0.022403775,http://virgodb.cosma.dur.ac.uk/eagle-webstorage/RecalL0025N0752_Subhalo/galface_1397598.png,70200330000.0,0.35941736140742664,6.957687400000001,150.13291999999998,87483464.0,3.448414,galface_1397598.png,RecalL0025N0752galface_1397598.png,C:\Users\Melissa\Dropbox\Melissa Seabrook Masters' Project\formation_of_galactic_bulges\galaxyimagebinRecalL0025N0752/RecalL0025N0752galface_1397598.png,0.2571417352312068,0.5080090657897915,1.4377497719775196,1.4172109803398278,0.16672683492854576,1.8667861284228215,4.0,4.0,0.0009469552769009488,12.255087051495869,6.055889303129206,0.007207889743332691,0.0,0.07194021242213197,9,61.05744934082031,15.700418472290039,4929.7821930691825,2504.3740464482253,0.3946889752555178,0.061329759657382965
70,70,2.220446e-16,0.02410817,http://virgodb.cosma.dur.ac.uk/eagle-webstorage/RecalL0025N0752_Subhalo/galface_1185365.png,71205994000.0,0.329677330678525,5.113566400000001,146.6659,90367460.0,0.025530169,galface_1185365.png,RecalL0025N0752galface_1185365.png,C:\Users\Melissa\Dropbox\Melissa Seabrook Masters' Project\formation_of_galactic_bulges\galaxyimagebinRecalL0025N0752/RecalL0025N0752galface_1185365.png,0.3093259767365778,0.6468251534964311,1.9824469075336046,1.633778657481128,0.6338028918410531,2.0885182858675813,0.008571922707400132,0.008571922707400132,0.0058878294509134834,86.81095996057392,0.7755256327409332,0.016070055746981397,4503599627370496.0,0.0007592447445357431,8,50.75687026977539,15.700418472290039,2763.1373855293646,1787.2667635267585,0.4979996590279525,0.061329759657382965
